Company Name,Category,Address,Phone,Website,Email,Email Confidence,Domain,Rating,Reviews Count,Search Query,LinkedIn Headline,LinkedIn Location,LinkedIn About,LinkedIn Followers,LinkedIn URL,FDN Emails,FDN Social Links,FDN Rating,FDN Reviews,Latitude,Longitude,Place ID,Data Sources
10Q Chicken,Chicken restaurant,"816 Church St, Evanston, IL 60201",18478596100.0,http://www.10qchicken.com/,,,10qchicken.com,4.7,47.0,food manufacturer Evanston IL,,,,,,,,,,,,,Contacts; GoogleMaps
A & J Distributors,Distribution service,"2401 Delta Ln, Elk Grove Village, IL 60007",18473501100.0,,[],1.0,,3.0,30.0,food distributor Elk Grove Village IL,,,,,,,,,,,,,Contacts; EmailExtractor; GoogleMaps
AAM Metal Forming | Bolingbrook Manufacturing Facility,Manufacturer,"455 Gibraltar Dr, Bolingbrook, IL 60440",16309727000.0,http://www.aam.com/,,,aam.com,4.0,40.0,food production facility Illinois,,,,,,,,,,,,,Contacts; GoogleMaps
ACA FOODS Distribution,Restaurant supply store,"8256 W Grand Ave, River Grove, IL 60171",17732317054.0,https://acachicago.com/,,,acachicago.com,,,food distributor Illinois,,,,,,,,,,,,,Contacts
ACH Food Companies - Argo Manufacturing Location,Manufacturer,"6400 S Archer Rd # 18, Summit, IL 60501",17084588690.0,http://achfood.com/,[],1.0,achfood.com,3.3,33.0,food manufacturer Illinois,,,,,,[],{},3.3,74.0,,,ChIJF0Bws-c3DogR7LkVX0VN5P0,Contacts; EmailExtractor; FDN; GoogleMaps
"ACH Food Companies, Inc.",Food products supplier,"One Parkview Plaza, Ste 500, Oakbrook Terrace, IL 60181",16305863740.0,http://achfood.com/,[],1.0,achfood.com,4.0,40.0,food manufacturer Illinois,,,,,,[],{},4.0,4.0,,,ChIJTXuJpkZMDogRz-N2cb5vutY,Contacts; EmailExtractor; FDN; GoogleMaps
ADM - Global Headquarters,Food manufacturer,"77 W Wacker Dr #4600, Chicago, IL 60601",13126348100.0,https://www.adm.com/,media-eu@adm.com,1.0,adm.com,3.6,36.0,food manufacturer Illinois,,,,,,[],{},3.6,13.0,,,ChIJ5yIL3u059IcRlH40gors2o8,Contacts; EmailExtractor; FDN; GoogleMaps
ADM Clinton - Corn Processing,Food processing company,"1251 Beaver Channel Pkwy, Clinton, IA 52732",15632421121.0,https://admadvantage.com/contact-us/?location=Clinton~Iowa,,,admadvantage.com,3.4,34.0,food processing plant Illinois,,,,,,,,,,,,,Contacts; GoogleMaps
ADM Decatur,Food processing company,"4666 East Faries Parkway, Decatur, IL 62526",12174245200.0,https://admadvantage.com/contact-us/?location=Decatur~Illinois_%28CORN%29,,,admadvantage.com,3.1,31.0,food production facility Illinois,,,,,,,,,,,,,Contacts; GoogleMaps
ADM Decatur (Bioproducts),Food processing company,"2550 N Brush College Rd, Decatur, IL 62526",12174245200.0,https://admadvantage.com/contact-us/?location=Decatur~Illinois_%28CORN%29,,,admadvantage.com,3.1,31.0,food production facility Illinois,,,,,,,,,,,,,Contacts; GoogleMaps
ADM Decatur (East Plant),Food processing company,"2550 N Brush College Rd, Decatur, IL 62526",12174245200.0,https://admadvantage.com/contact-us/?location=Decatur~Illinois_%28CORN%29,,,admadvantage.com,3.2,32.0,food production facility Illinois,,,,,,,,,,,,,Contacts; GoogleMaps
ADM Decatur (West Plant),Food processing company,"3883 East Faries Parkway, Decatur, IL 62526",12174245200.0,https://admadvantage.com/contact-us/?location=Decatur~Illinois_%28CORN%29,,,admadvantage.com,2.4,24.0,food production facility Illinois,,,,,,,,,,,,,Contacts; GoogleMaps
ADM Gate W4,Food processing company,"3883 East Faries Parkway, Decatur, IL 62526",12174245856.0,http://www.adm.com/,media-eu@adm.com,1.0,adm.com,1.3,13.0,food processing plant Illinois,,,,,,,,,,,,,Contacts; EmailExtractor; GoogleMaps
ADM Mendota (Milling),Flour mill,"581 N 43rd Rd, Mendota, IL 61342",18155397491.0,https://www.google.com/url?q=https://admadvantage.com/contact-us/%3Flocation%3DMendota~Illinois_%28MILLING%29&opi=79508299&sa=U&ved=2ahUKEwjQ1p28nqKXAxVtlu4BHcmzMWQQ61goDnoECAAQEw&usg=AOvVaw2bOSvcJoGbcVz8nggRSUyU,,,google.com,3.8,38.0,food processing plant Illinois,,,,,,,,,,,,,Contacts; GoogleMaps
ADM Quincy,Food processing company,"2100 Gardner Expy, Quincy, IL 62305",12172210585.0,https://admadvantage.com/contact-us/?location=Quincy~Illinois,,,admadvantage.com,4.3,43.0,food production facility Illinois,,,,,,,,,,,,,Contacts; GoogleMaps
"ALL STAR FOODS, CORP.",Food manufacturer,"125 Commerce Dr, Schaumburg, IL 60173",12243006319.0,,[],1.0,,,,food production facility Illinois,,,,,,[],{},,0.0,,,ChIJw50zWRqvD4gRyS5LdRCtPv0,Contacts; EmailExtractor; FDN
AVS Companies,Vending machine supplier,"750 Morse Ave, Elk Grove Village, IL 60007",18474399400.0,https://avscompanies.com/,,,avscompanies.com,4.4,44.0,food distributor Elk Grove Village IL,,,,,,,,,,,,,Contacts; GoogleMaps
"AZ Metro Distributors, LLC & AriZona Beverages USA, LLC. Chicago, Illinois",Beverage distributor,"2600 S 25th Ave Ste Q, Broadview, IL 60155",17084102877.0,https://www.google.com/url?q=http://www.drinkarizona.com/&opi=79508299&sa=U&ved=2ahUKEwiqw4eooKKXAxXRJ0QIHdayGSgQ61goDnoECAAQEw&usg=AOvVaw0fDTZauKoC2UyCUED4cQHA,,,google.com,4.0,40.0,food distributor Illinois,,,,,,,,,,,,,Contacts; GoogleMaps
Advance Distributors Inc.,Wholesale grocer,"4949 N Pulaski Rd, Chicago, IL 60630",17735391900.0,https://www.advancedistributors.com/,[],1.0,advancedistributors.com,4.7,47.0,food distributor Illinois,,,,,,[],{},4.7,38.0,,,ChIJI-az6RbPD4gRU0CMvwTz9q4,Contacts; EmailExtractor; FDN; GoogleMaps
Advanced Commodities Inc,Food products supplier,"840 W Bartlett Rd Ste 3, Bartlett, IL 60103",16303729200.0,https://advcominc.com/,,,advcominc.com,3.0,30.0,food & beverage manufacturer Illinois,,,,,,,,,,,,,Contacts; GoogleMaps
Aegis Foods,Food manufacturer,"16975 Westview Ave, South Holland, IL 60473",17089320195.0,https://www.aegisfoods.net/,,,aegisfoods.net,5.0,50.0,food manufacturer Illinois,,,,,,,,,,,,,Contacts; GoogleMaps
"Ajinomoto Foods North America, Inc.",Manufacturer,"301 W 3rd St, Toluca, IL 61369",18154522361.0,https://www.ajinomotofoods.com/,,,ajinomotofoods.com,4.1,41.0,food processing plant Illinois,,,,,,,,,,,,,Contacts; GoogleMaps
Alamode Foods,Food manufacturer,"9240 W Belmont Ave, Franklin Park, IL 60131",18476711111.0,http://www.alamodefoods.com/,,,alamodefoods.com,4.4,44.0,food & beverage manufacturer Illinois,,,,,,,,,,,,,Contacts; GoogleMaps
"Allfresh Food Products, Inc.",Food manufacturer,"2156 Green Bay Rd, Evanston, IL 60201",18478693100.0,http://allfreshfoodproducts.com/,,,allfreshfoodproducts.com,4.0,40.0,food manufacturer Evanston IL,,,,,,,,,,,,,Contacts; GoogleMaps
Alliance Paper & Foodservice Equipment,Restaurant supply store,"1345 S Ashland Ave, Chicago, IL 60608",13126666424.0,http://alliancepfs.com/,[],1.0,alliancepfs.com,4.8,48.0,food processing plant Bedford Park IL,,,,,,[],{},4.8,40.0,,,ChIJf5HS9tosDogRf3IgL-kKjJc,Contacts; EmailExtractor; FDN; GoogleMaps
Ambi Prestigio Foods Inc Foods,Food products supplier,"164 N Brandon Dr, Glendale Heights, IL 60139",16308250200.0,http://www.ambifoods.com/,,,ambifoods.com,4.0,40.0,food distributor Illinois,,,,,,,,,,,,,Contacts; GoogleMaps
Amcraft Manufacturing Inc,Manufacturer,"580 Lively Blvd, Elk Grove Village, IL 60007",18474394565.0,http://www.amcraftindustrialcurtainwall.com/,,,amcraftindustrialcurtainwall.com,4.9,49.0,food manufacturer Elk Grove Village IL,,,,,,,,,,,,,Contacts; GoogleMaps
American Food Distributors,Meat wholesaler,"374 E 167th St, Harvey, IL 60426",17083311982.0,https://www.google.com/url?q=http://www.afdllc.com/index.html&opi=79508299&sa=U&ved=2ahUKEwjsqZuyoKKXAxV3B7wBHQe8Bg0Q61goDnoECAAQEw&usg=AOvVaw0EL8Hp5fBEdW2HsMtg66BH,,,google.com,5.0,50.0,food distributor Illinois,,,,,,,,,,,,,Contacts; GoogleMaps
American Food Network,Wholesaler,"367 S Rohlwing Rd Ste E, Addison, IL 60101",16307853041.0,http://www.americanfoodnetwork.com/,,,americanfoodnetwork.com,5.0,50.0,food distributor Illinois,,,,,,,,,,,,,Contacts; GoogleMaps
Amigos Foods,Food products supplier,"1350 Greenleaf Ave, Elk Grove Village, IL 60007",12243668691.0,,[],1.0,,5.0,50.0,food manufacturer Elk Grove Village IL,,,,,,,,,,,,,Contacts; EmailExtractor; GoogleMaps
Amped Kitchens Chicago,Shared-use commercial kitchen,"5801 W Dickens Ave, Chicago, IL 60639",18722408731.0,https://www.ampedkitchens.com/chicago?utm_source=google&utm_medium=organic&utm_campaign=gmb_website,leasing@ampedkitchens.com,1.0,ampedkitchens.com,4.4,44.0,food production facility Illinois,,,,,,[],{},4.4,23.0,,,ChIJx241UNHND4gR5GidkJd5ui0,Contacts; EmailExtractor; FDN; GoogleMaps
Arch Food Service,Food processing company,"288 W Palatine Rd, Wheeling, IL 60090",12244812070.0,https://www.google.com/url?q=http://www.archfs.com/&opi=79508299&sa=U&ved=2ahUKEwi4iLSInqKXAxXINkQIHbeKBX0Q61goDnoECAAQEw&usg=AOvVaw1TVkoOH1twdYHUpWshy6Zj,,,google.com,5.0,50.0,food processing plant Illinois,,,,,,,,,,,,,Contacts; GoogleMaps
Ardagh Metal Beverage USA Inc - Chicago,Food manufacturing supply,"1101 W 43rd St, Chicago, IL 60609",17732474646.0,http://www.ardaghgroup.com/,[],1.0,ardaghgroup.com,3.4,34.0,food processing plant Illinois,,,,,,[],{},3.4,176.0,,,ChIJbYebBoIuDogRBbwdE4WQgZg,Contacts; EmailExtractor; FDN; GoogleMaps
Aroma International Inc,Food products supplier,"2500 Lunt Ave, Elk Grove Village, IL 60007",12244046900.0,https://www.aromaseafood.com/,,,aromaseafood.com,3.4,34.0,food manufacturer Elk Grove Village IL,,,,,,,,,,,,,Contacts; GoogleMaps
Arro Corporation,Food manufacturer,"10459 S Muskegon Ave, Chicago, IL 60617",17739781251.0,http://www.arro.com/,[],1.0,arro.com,3.2,32.0,food manufacturer Illinois,,,,,,[],{},3.2,43.0,,,ChIJQdptHpgnDogR10y6J-2GQYs,Contacts; EmailExtractor; FDN; GoogleMaps
Arro Corporation,Manufacturer,"7440 Santa Fe Dr, Hodgkins, IL 60525",17083528200.0,http://www.elementfoodsolutions.com/,,,elementfoodsolutions.com,3.2,32.0,food manufacturer Cicero IL,,,,,,[],{},3.2,43.0,,,ChIJQdptHpgnDogR10y6J-2GQYs,Contacts; FDN; GoogleMaps
Artisan Slice,Caterer,(773) 939-0094,17739390094.0,https://www.artisan-slice.com/,,,artisan-slice.com,5.0,50.0,food manufacturer Evanston IL,,,,,,,,,,,,,Contacts; GoogleMaps
Artisan Specialty Foods,Food products supplier,"2528 S 27th Ave, Broadview, IL 60155",17084475500.0,http://www.artisanspecialty.com/,,,artisanspecialty.com,4.2,42.0,food manufacturer Illinois,,,,,,,,,,,,,Contacts; GoogleMaps
Aryzta,Food manufacturer,"401 E Joe Orr Rd, Chicago Heights, IL 60411",17087577750.0,https://www.aryzta.com/,,,aryzta.com,3.8,38.0,food manufacturer Cicero IL,,,,,,,,,,,,,Contacts; GoogleMaps
Assemblers Inc.,Food manufacturer,"5139 W 73rd St, Bedford Park, IL 60638",17733783000.0,http://assemblers.com/,mccooklog@assemblers.com,1.0,assemblers.com,4.0,40.0,food processing plant Bedford Park IL,,,,,,[],{},4.0,123.0,,,ChIJZ93rLZMwDogRn3xYPEzSNaw,Contacts; EmailExtractor; FDN; GoogleMaps
Assemblers Inc.,Food manufacturer,"8601 47th St, McCook, IL 60525",17088542145.0,http://assemblers.com/,mccooklog@assemblers.com,1.0,assemblers.com,4.0,40.0,food manufacturer Illinois,,,,,,[],{},4.0,123.0,,,ChIJZ93rLZMwDogRn3xYPEzSNaw,Contacts; EmailExtractor; FDN; GoogleMaps
Atizapan Bakery and Gaming Cafe,Bakery,"5906 W 35th St, Cicero, IL 60804",17088632271.0,,[],1.0,,4.1,41.0,food manufacturer Cicero IL,,,,,,,,,,,,,Contacts; EmailExtractor; GoogleMaps
"August Hill Wine on the Hill, AHW/ISC Production Facility & Vineyard",Winery,"21 N 2551st Rd, Peru, IL 61354",,https://augusthillwinery.com/wine-on-the-hill/,,,augusthillwinery.com,4.9,49.0,food production facility Illinois,,,,,,,,,,,,,Contacts; GoogleMaps
Authentic Brands Chicago,Wholesaler,"6410 74th St, Bedford Park, IL 60638",17083257930.0,https://authenticbrandschicago.com/,,,authenticbrandschicago.com,4.2,42.0,food processing plant Bedford Park IL,,,,,,,,,,,,,Contacts; GoogleMaps
"B & B Food Services, Inc",Logistics service,"17007 Prime Blvd, Lockport, IL 60441",18158342621.0,https://bandbfoods.com/,,,bandbfoods.com,4.7,47.0,food production facility Illinois,,,,,,,,,,,,,Contacts; GoogleMaps
BBK Foods,Importer,"807 Albion Ave, Schaumburg, IL 60193",12246538623.0,https://www.google.com/url?q=http://www.bbkfoods.com/&opi=79508299&sa=U&ved=2ahUKEwiizva0oKKXAxXALkQIHZzTNTUQ61goDnoECAAQEw&usg=AOvVaw3p5tdIVDY08WAAuhikcqXQ,,,google.com,5.0,50.0,food distributor Illinois,,,,,,,,,,,,,Contacts; GoogleMaps
BEER NUTS Brand Snacks,Food manufacturer,"103 N Robinson St, Bloomington, IL 61701",13095856159.0,http://www.beernuts.com/,,,beernuts.com,4.3,43.0,food & beverage manufacturer Illinois,,,,,,,,,,,,,Contacts; GoogleMaps
Baja Foods LLC,Frozen food manufacturer,"636 W Root St, Chicago, IL 60609",17733769030.0,http://www.bajafoodsllc.com/?utm_source=google&utm_medium=organic&utm_campaign=gbp,[],1.0,bajafoodsllc.com,4.2,42.0,food manufacturer Illinois,,,,,,[],{},4.2,12.0,,,ChIJo4NwIyEsDogRy8Ds6qOp3GQ,Contacts; EmailExtractor; FDN; GoogleMaps
Baker's Basket Inc,Wholesale bakery,"2420 Elmhurst Rd, Elk Grove Village, IL 60007",18475953524.0,https://www.bakersbasket.com/,,,bakersbasket.com,4.8,48.0,food manufacturer Elk Grove Village IL,,,,,,,,,,,,,Contacts; GoogleMaps
Balducci's Chicago,Food manufacturer,"2200 S Mt Prospect Rd, Des Plaines, IL 60018",18472282887.0,https://www.balduccischicago.com/,,,balduccischicago.com,5.0,50.0,food manufacturer Elk Grove Village IL,,,,,,,,,,,,,Contacts; GoogleMaps
Baltic Food Distributing,Food products supplier,"5808 East Ave, Countryside, IL 60525",17085826683.0,http://www.balticfood.us/,[],1.0,balticfood.us,4.3,43.0,food manufacturer Illinois,,,,,,[],{},4.3,15.0,,,ChIJn54NIQpcDogRaKh4JSjVBnI,Contacts; EmailExtractor; FDN; GoogleMaps
Banner Wholesale Grocers,Wholesale grocer,"2639 S Damen Ave floor 1, Chicago, IL 60608",13124212650.0,https://www.google.com/url?q=http://bannerwholesale.com/&opi=79508299&sa=U&ved=2ahUKEwjGy6CaoKKXAxVSJe8CHY_TAo8Q61goDnoECAAQEw&usg=AOvVaw1Ia2bJIBKmSbL31KrAXqCZ,,,google.com,4.3,43.0,food distributor Illinois,,,,,,[],{},4.3,205.0,,,ChIJswxPG7ktDogRYIJ2toJ72Hw,Contacts; FDN; GoogleMaps
Baolong Food Services,Caterer,"1445 S Laramie Ave, Cicero, IL 60804",17082229999.0,,[],1.0,,3.1,31.0,food manufacturer Cicero IL,,,,,,,,,,,,,Contacts; EmailExtractor; GoogleMaps
Bat 17,Restaurant,"1735 Benson Ave, Evanston, IL 60201",18477337117.0,https://mymenuweb.com/us/restaurants/1308713/?utm_source=google_profile&utm_medium=google_profile&utm_campaign=admin,,,mymenuweb.com,4.2,42.0,food manufacturer Evanston IL,,,,,,,,,,,,,Contacts; GoogleMaps
Batory Foods,Distribution service,"1881 Touhy Ave, Elk Grove Village, IL 60007",18472992625.0,https://www.batoryfoods.com/facilities/united-states/illinois/elk-grove-village/elk-grove-il-distribution-center/,info@batoryfoods.com,1.0,batoryfoods.com,4.2,42.0,food manufacturer Elk Grove Village IL,,,,,,[],{},4.2,116.0,,,ChIJrQB7CgouDogRAhQcgqdIT68,Contacts; EmailExtractor; FDN; GoogleMaps
Batory Foods,Warehouse,"2234 W 43rd St, Chicago, IL 60609",18472997776.0,https://www.batoryfoods.com/facilities/united-states/illinois/chicago/chicago-il-oakley-distribution-center/,info@batoryfoods.com,1.0,batoryfoods.com,4.2,42.0,food & beverage manufacturer Illinois,,,,,,[],{},4.2,116.0,,,ChIJrQB7CgouDogRAhQcgqdIT68,Contacts; EmailExtractor; FDN; GoogleMaps
"Battaglia Distributing Corp., Inc.",Distribution service,"2500 S Ashland Ave, Chicago, IL 60608",13127381111.0,https://www.google.com/url?q=https://www.battagliafoods.com/&opi=79508299&sa=U&ved=2ahUKEwjmnun5n6KXAxUFl-4BHTVODCAQ61goDnoECAAQEw&usg=AOvVaw2sEhJFUwiDB0KKaRrVyvab,,,google.com,3.7,37.0,food distributor Illinois,,,,,,[],{},3.7,118.0,,,ChIJH1XD0a8tDogRYqeRK48SbnA,Contacts; FDN; GoogleMaps
Bel Brands USA,Manufacturer,"30 S Wacker Dr, Chicago, IL 60606",13124621500.0,https://belbrandsusa.com/,[],1.0,belbrandsusa.com,3.2,32.0,food & beverage manufacturer Illinois,,,,,,[],{},3.2,9.0,,,ChIJu7yGtrgsDogRa4kcNmiQzaw,Contacts; EmailExtractor; FDN; GoogleMaps
Bella Brew Coffee & Beverage Co,Beverage distributor,"5002 W 123rd St, Alsip, IL 60803",17086900300.0,https://www.bellabrew.com/,,,bellabrew.com,4.0,40.0,food & beverage manufacturer Illinois,,,,,,,,,,,,,Contacts; GoogleMaps
Belmont Sausage Company,Meat processor,"2201 Estes Ave, Elk Grove Village, IL 60007",18473571515.0,http://www.belmontsausage.com/,,,belmontsausage.com,3.4,34.0,food manufacturer Elk Grove Village IL,,,,,,,,,,,,,Contacts; GoogleMaps
Bennison's Bakery,Bakery,"1000 Davis St, Evanston, IL 60201",18473289434.0,https://bennisonscakes.com/,,,bennisonscakes.com,4.1,41.0,food manufacturer Evanston IL,,,,,,,,,,,,,Contacts; GoogleMaps
Benton House - Food Distribution Center,Pantry,"3052 S Gratten Ave, Chicago, IL 60608",17739276420.0,,[],1.0,,5.0,50.0,food distributor Illinois,,,,,,[],{},5.0,1.0,,,ChIJGUChy0ssDogRa1z_SSTYVmk,Contacts; EmailExtractor; FDN; GoogleMaps
Bernard Food Industries Inc,Food manufacturer,"1125 Hartrey Ave, Evanston, IL 60202",18478695222.0,http://www.bernardfoods.com/,[],1.0,bernardfoods.com,4.9,49.0,food manufacturer Illinois,,,,,,[],{},4.9,8.0,,,ChIJ6QsK5-bPD4gRiFJqqkKz4bg,Contacts; EmailExtractor; FDN; GoogleMaps
Berner Food & Beverage Distribution Center,Food and beverage exporter,"5778 Baxter Rd, Rockford, IL 61109",18008198199.0,https://bernerfoodandbeverage.com/facilities,,,bernerfoodandbeverage.com,2.5,25.0,food production facility Illinois,,,,,,,,,,,,,Contacts; GoogleMaps
Berner Food & Beverage Inc (Corporate Office),Manufacturer,"2034 E Factory Rd, Dakota, IL 61018",18155634222.0,http://www.bernerfoodandbeverage.com/,,,bernerfoodandbeverage.com,3.5,35.0,food & beverage manufacturer Illinois,,,,,,,,,,,,,Contacts; GoogleMaps
Berry's Processing,Butcher shop,"522 E Elm St, Watseka, IL 60970",18154323264.0,,[],1.0,,4.6,46.0,food processing plant Illinois,,,,,,,,,,,,,Contacts; EmailExtractor; GoogleMaps
Beverage Flavors International,Food products supplier,"3150 N Campbell Ave, Chicago, IL 60618",17732483860.0,https://www.beverageflavorsinternational.com/,[],1.0,beverageflavorsinternational.com,4.8,48.0,food & beverage manufacturer Illinois,,,,,,[],{},4.8,6.0,,,ChIJ0_dwAH3SD4gRFn3SY_tnAJo,Contacts; EmailExtractor; FDN; GoogleMaps
Bevolution Group,Manufacturer,"4401 S Oakley Ave, Chicago, IL 60609",18006286449.0,http://www.bevolutiongroup.com/,[],1.0,bevolutiongroup.com,4.0,40.0,food & beverage manufacturer Illinois,,,,,,[],{},4.0,23.0,,,ChIJrW7XxAsuDogRs0G-K1KtAJQ,Contacts; EmailExtractor; FDN; GoogleMaps
Bimbo Bakeries-Sara Lee USA,Wholesale bakery,"1540 S 54th Ave, Cicero, IL 60804",17082224442.0,http://www.bimbobakeriesusa.com/,,,bimbobakeriesusa.com,3.5,35.0,food manufacturer Cicero IL,,,,,,,,,,,,,Contacts; GoogleMaps
BimboQSR,Wholesale bakery,"1801 W 31st Pl, Chicago, IL 60608",17733764444.0,,[],1.0,,4.3,43.0,food & beverage manufacturer Illinois,,,,,,[],{},4.3,23.0,,,ChIJTUnIgLgtDogRWspN1l8zQGI,Contacts; EmailExtractor; FDN; GoogleMaps
Blind Faith Cafe,Vegetarian restaurant,"525 Dempster St, Evanston, IL 60201",18473286875.0,http://blindfaithcafe.com/,,,blindfaithcafe.com,4.5,45.0,food manufacturer Evanston IL,,,,,,,,,,,,,Contacts; GoogleMaps
Bluestone,Restaurant,"1932 Central St, Evanston, IL 60201",18474240420.0,http://bluestoneevanston.com/,,,bluestoneevanston.com,4.3,43.0,food manufacturer Evanston IL,,,,,,,,,,,,,Contacts; GoogleMaps
"Boba Direct, Inc.",Bubble tea store,"1795 Commerce Dr, Elk Grove Village, IL 60007",18664872622.0,http://www.bobadirect.com/,,,bobadirect.com,4.8,48.0,food distributor Elk Grove Village IL,,,,,,,,,,,,,Contacts; GoogleMaps
Bobak Sausage Co.,Meat processor,"4551 W Adams St, Chicago, IL 60624",,https://bobak.com/,,,bobak.com,4.3,43.0,food manufacturer Cicero IL,,,,,,,,,,,,,Contacts; GoogleMaps
"Brainfood Industries, LLC",Beverage distributor,"839 N Hermitage Ave, Chicago, IL 60622",13125153784.0,https://brainfoodmood.store/,[],1.0,brainfoodmood.store,,,food & beverage manufacturer Illinois,,,,,,[],{},,0.0,,,ChIJXwVkaXLTD4gRpyuthTHNWng,Contacts; EmailExtractor; FDN
Brett Anthony Foods,Food manufacturer,"1921 Raymond Dr, Northbrook, IL 60062",18472724309.0,http://www.brettanthonyfoods.com/,,,brettanthonyfoods.com,4.1,41.0,food manufacturer Illinois,,,,,,,,,,,,,Contacts; GoogleMaps
Brett Anthony Foods,Food manufacturer,"1350 Greenleaf Ave, Elk Grove Village, IL 60007",18472724309.0,http://www.brettanthonyfoods.com/,,,brettanthonyfoods.com,4.4,44.0,food manufacturer Illinois,,,,,,,,,,,,,Contacts; GoogleMaps
Bridgford Foods,Food manufacturer,"1415 W 44th St, Chicago, IL 60609",18006214241.0,http://www.bridgfordfoods.com/,[],1.0,bridgfordfoods.com,4.3,43.0,food processing plant Bedford Park IL,,,,,,[],{},4.3,66.0,,,ChIJsTqVJ8wvDogRQGJ9lZVHkCs,Contacts; EmailExtractor; FDN; GoogleMaps
Brookside Flavors & Ingredients,Manufacturer,"1210 N Swift Rd, Addison, IL 60101",16305209060.0,https://www.google.com/url?q=http://www.brooksideflavors.com/&opi=79508299&sa=U&ved=2ahUKEwjZ_Yrkn6KXAxW_IEQIHYA0FToQ61goDnoECAAQEw&usg=AOvVaw3NrNyhRDRhSjZT0hEPbVKU,,,google.com,3.3,33.0,food & beverage manufacturer Illinois,,,,,,,,,,,,,Contacts; GoogleMaps
Bubblehouse Brewing Company,Brewery,"2121 Ogden Ave Unit A, Lisle, IL 60532",16305413711.0,https://www.google.com/url?q=http://www.bubblehousebrewing.com/&opi=79508299&sa=U&ved=2ahUKEwi9t93CnqKXAxV-le4BHe6LBTYQ61goDnoECAAQEw&usg=AOvVaw17jdzD7CjYdloyJicIvbMC,,,google.com,4.8,48.0,food & beverage manufacturer Illinois,,,,,,,,,,,,,Contacts; GoogleMaps
Buckhead Chicago,Meat processor,"200 Flannigan Rd, Hampshire, IL 60140",18476832009.0,https://www.google.com/url?q=https://www.buckheadmeat.com/chicago/&opi=79508299&sa=U&ved=2ahUKEwjGjrCInqKXAxUUKEQIHZieLYkQ61goDnoECAAQEw&usg=AOvVaw0nLmVChVhg_2P8OQH4x-yj,,,google.com,3.6,36.0,food processing plant Illinois,,,,,,[],{},3.6,68.0,42.1343119,-88.5047275,ChIJe6Q1h8Q9D4gR_dqOddRgLnQ,Contacts; FDN; GoogleMaps
"Burke Beverage, Inc.",Beer distributor,"4900 Vernon Ave, McCook, IL 60525",17086882000.0,http://www.burkebev.com/,,,burkebev.com,4.7,47.0,food & beverage manufacturer Illinois,,,,,,,,,,,,,Contacts; GoogleMaps
Burry Food Services,Distribution service,"955 National Pkwy Ste Ste 95550, Schaumburg, IL 60173",18007744406.0,http://www.burryfoods.com/,,,burryfoods.com,3.7,37.0,food distributor Elk Grove Village IL,,,,,,,,,,,,,Contacts; GoogleMaps
CCC Brands,Food products supplier,"501 W 82nd St, Chicago, IL 60620",17737986935.0,http://www.cccbrands.com/,info@cccbrands.com,1.0,cccbrands.com,4.0,40.0,food & beverage manufacturer Illinois,,,,,,[],{},4.0,7.0,,,ChIJ3-cOCjkvDogRYzhVtl1CYQQ,Contacts; EmailExtractor; FDN; GoogleMaps
CHESHNI Foods LLC,Food processing company,"2420 E Oakton St Ste V, Arlington Heights, IL 60005",18472625893.0,http://www.cheshni.net/,[],1.0,cheshni.net,5.0,50.0,food manufacturer Illinois,,,,,,[],{},5.0,7.0,,,ChIJlwQoHDSxD4gR1E7mANu2X94,Contacts; EmailExtractor; FDN; GoogleMaps
CKF Foods Inc,Food products supplier,"1204 W Northwest Hwy, Palatine, IL 60067",18473941291.0,http://www.ckffoods.com/,,,ckffoods.com,5.0,50.0,food manufacturer Illinois,,,,,,,,,,,,,Contacts; GoogleMaps
CR Food Service Inc.,Food products supplier,"1820 Wallace Ave Ste 107, St. Charles, IL 60174",16305840505.0,,[],1.0,,5.0,50.0,food distributor Illinois,,,,,,,,,,,,,Contacts; EmailExtractor; GoogleMaps
"CULTURE FOOD INC,",Food manufacturer,"1631 Barclay Blvd, Buffalo Grove, IL 60089",18775992424.0,,[],1.0,,4.1,41.0,food production facility Illinois,,,,,,,,,,,,,Contacts; EmailExtractor; GoogleMaps
Calihan Pork Processors Inc.,Meat processor,"1 South St, Peoria, IL 61602",13096749175.0,http://calihanpork.com/,,,calihanpork.com,4.6,46.0,food production facility Illinois,,,,,,,,,,,,,Contacts; GoogleMaps
Calma Optimal Food,Wholesaler,"91 N Lively Blvd, Elk Grove Village, IL 60007",,http://www.calmafoods.com/,,,calmafoods.com,4.3,43.0,food manufacturer Elk Grove Village IL,,,,,,,,,,,,,Contacts; GoogleMaps
Canton Noodle Co,Food manufacturer,"481 W 26th St, Chicago, IL 60616",13128424900.0,,[],1.0,,4.7,47.0,food manufacturer Illinois,,,,,,[],{},4.7,16.0,41.8451715,-87.6397461,ChIJtx_CyEIsDogR4vfUSnFjrm0,Contacts; EmailExtractor; FDN; GoogleMaps
Careers at John B. Sanfilippo & Son,Food manufacturer,"1703 N Randall Rd, Elgin, IL 60123",18472891800.0,http://www.jbssinc.com/,,,jbssinc.com,3.7,37.0,food production facility Illinois,,,,,,,,,,,,,Contacts; GoogleMaps
"Cargill Chicago, IL Distribution Center",Meat wholesaler,"10420 Woodward Ave, Woodridge, IL 60517",16307391746.0,https://distributors.cargill.com/chicago/,[],1.0,distributors.cargill.com,2.8,28.0,food distributor Illinois,,,,,,[],{},2.3,4.0,41.6988943,-88.0197043,ChIJn1bipO1bDogRcNPeT22pqRA,Contacts; EmailExtractor; FDN; GoogleMaps
Cargill Food Distribution,Distribution service,"10420 Woodward Ave, Woodridge, IL 60517",16307391746.0,https://www.google.com/url?q=http://www.cargill.com/company/businesses/cargill-food-distribution/&opi=79508299&sa=U&ved=2ahUKEwjjqOaEoKKXAxWyIkQIHR3HAk4Q61goDnoECAAQEw&usg=AOvVaw13CXUjdLRSXD3nCMxBDm0O,,,google.com,4.3,43.0,food distributor Illinois,,,,,,,,,,,,,Contacts; GoogleMaps
Carl Buddig and Company,Food manufacturer,"2125 Rochester Dr, Montgomery, IL 60538",13313006100.0,https://www.buddig.com/,,,buddig.com,3.7,37.0,food manufacturer Illinois,,,,,,,,,,,,,Contacts; GoogleMaps
Carniceria y Licoreria El Torito,Grocery store,"5830 W 16th St, Cicero, IL 60804",17087800655.0,,[],1.0,,4.1,41.0,food manufacturer Cicero IL,,,,,,,,,,,,,Contacts; EmailExtractor; GoogleMaps
Carnivore Oak Park @ Carnival Grocery,Butcher shop,"824 S Oak Park Ave, Oak Park, IL 60302",17086601100.0,https://www.facebook.com/carnivoreoakpark,[],1.0,facebook.com,4.8,48.0,food manufacturer Cicero IL,,,,,,,,,,,,,Contacts; EmailExtractor; GoogleMaps
Casper Brewing Company,Brewery,"3807 Ballybunion Rd, Bloomington, IL 61704",13092004212.0,http://casperbrewingcompany.com/,,,casperbrewingcompany.com,4.9,49.0,food & beverage manufacturer Illinois,,,,,,,,,,,,,Contacts; GoogleMaps
"Central Illinois Poultry Processing, LLC",Food processing company,"119 N Co Rd 000 E, Arthur, IL 61911",12175432937.0,http://www.centralilpoultry.com/,,,centralilpoultry.com,5.0,50.0,food production facility Illinois,,,,,,,,,,,,,Contacts; GoogleMaps
Ceres Food Group,Food products supplier,"5343 W Roscoe St, Chicago, IL 60641",17733856010.0,,[],1.0,,3.0,30.0,food manufacturer Illinois,,,,,,[],{},3.0,2.0,,,ChIJlbfNJQPMD4gRkkj_sRZFzzM,Contacts; EmailExtractor; FDN; GoogleMaps
Cermak Fresh Market,Produce market,"4605 W Cermak Rd, Cicero, IL 60804",17088631100.0,http://www.cermakfreshmarket.com/,,,cermakfreshmarket.com,4.2,42.0,food manufacturer Cicero IL,,,,,,,,,,,,,Contacts; GoogleMaps
Champion Restaurant and Bakery Equipment,Restaurant supply store,"700 Lee St, Elk Grove Village, IL 60007",18474547035.0,http://www.championbakeryequipment.com/,,,championbakeryequipment.com,4.4,44.0,food manufacturer Elk Grove Village IL,,,,,,,,,,,,,Contacts; GoogleMaps
Chepe's Tortillas Inc,Tortilla shop,"1948 S Cicero Ave, Cicero, IL 60804",17086523507.0,http://www.chepestortillasinc.com/contact.html,,,chepestortillasinc.com,4.6,46.0,food manufacturer Cicero IL,,,,,,,,,,,,,Contacts; GoogleMaps
Chicago Beverage Systems LLC,Beer distributor,"441 N Kilbourn Ave, Chicago, IL 60624",17738264100.0,http://www.chicagobeveragesystems.org/,[],1.0,chicagobeveragesystems.org,3.9,39.0,food & beverage manufacturer Illinois,,,,,,[],{},3.9,92.0,,,ChIJOQmn7NcyDogR_i7TkEc3GJU,Contacts; EmailExtractor; FDN; GoogleMaps
Chicago City Distributors Inc,Distribution service,"7728 W 99th St, Hickory Hills, IL 60457",17085997408.0,http://www.ccdwholesale.com/,[],1.0,ccdwholesale.com,4.3,43.0,food distributor Illinois,,,,,,[],{},4.3,10.0,,,ChIJSR5XPrI5DogRT4Lg6yn4tJ0,Contacts; EmailExtractor; FDN; GoogleMaps
Chicago Food Corporation.,Food products supplier,"7007 N Austin Ave, Niles, IL 60714",18477455656.0,http://chicagofood.com/,[],1.0,chicagofood.com,4.1,41.0,food manufacturer Illinois,,,,,,[],{},4.1,24.0,,,ChIJ45VX7HrOD4gRdBxqZ75pzM0,Contacts; EmailExtractor; FDN; GoogleMaps
Chicago Gourmet Wholesale Bakery,Bakery,"795 Touhy Ave, Elk Grove Village, IL 60007",18479811600.0,http://www.cgwbakery.com/,,,cgwbakery.com,4.2,42.0,food manufacturer Elk Grove Village IL,,,,,,,,,,,,,Contacts; GoogleMaps
Chicago International Produce Market,Produce market,"2404 S Wolcott Ave Ste 22, Chicago, IL 60608",17739238382.0,http://www.chicagoproducemarket.com/,[],1.0,chicagoproducemarket.com,4.3,43.0,food production facility Illinois,,,,,,[],{},4.3,111.0,,,ChIJNfcOjKQtDogREKETYA1IAdQ,Contacts; EmailExtractor; FDN; GoogleMaps
Chicago Oriental Wholesale Market,Food products supplier,"1902 S Lumber St, Chicago, IL 60616",13127339633.0,https://www.google.com/url?q=http://www.cowminc.com/&opi=79508299&sa=U&ved=2ahUKEwiJzd-GoKKXAxW6JEQIHR0TG9wQ61goDnoECAAQEw&usg=AOvVaw2_bOrkjQG1XAsx-45nzm9l,,,google.com,3.9,39.0,food distributor Illinois,,,,,,[],{},3.9,68.0,,,ChIJiZL5UfUsDogRBhXn0SPDDOM,Contacts; FDN; GoogleMaps
Chicagoland Food and Beverage Network,Non-profit organization,"1 W Monroe St, Chicago, IL 60603",13125259653.0,https://www.chicagolandfood.org/,[],1.0,chicagolandfood.org,,,food & beverage manufacturer Illinois,,,,,,[],{},4.2,0.0,,,ChIJVVUFqaQsDogRwKmeNgVN-Ys,Contacts; EmailExtractor; FDN
Chocolate Shoppe Ice Cream Skokie,Ice cream shop,"4041 Dempster St, Skokie, IL 60076",18476742900.0,https://chocolateshoppeicecream.com/,,,chocolateshoppeicecream.com,4.7,47.0,food manufacturer Evanston IL,,,,,,,,,,,,,Contacts; GoogleMaps
Christ Panos Foods Corporation,Food products supplier,"1465 E Industrial Dr, Itasca, IL 60143",16307353200.0,https://panosfoods.com/,,,panosfoods.com,4.1,41.0,food distributor Elk Grove Village IL,,,,,,,,,,,,,Contacts; GoogleMaps
"Cicero Manufacturing & Supply Company, Inc.",Safety equipment supplier,"1849 Elmdale Ave, Glenview, IL 60026",18477248088.0,https://www.cicerosupply.com/,,,cicerosupply.com,,,food manufacturer Cicero IL,,,,,,,,,,,,,Contacts
"City Food Equipment - Chicago, IL - New & Used Restaurant Equipment, Kitchen Supply Store",Restaurant supply store,"4917 S Cicero Ave, Chicago, IL 60632",17738391020.0,https://www.cityfoodequipment.com/pages/city-food-equipment-chicago-restaurant-supply-store,,,cityfoodequipment.com,3.6,36.0,food manufacturer Cicero IL,,,,,,,,,,,,,Contacts; GoogleMaps
"City Foods, Inc.",Food manufacturer,"4230 S Racine Ave, Chicago, IL 60609",17735231566.0,https://www.beasbest.com/,[],1.0,beasbest.com,3.9,39.0,food manufacturer Illinois,,,,,,[],{},3.9,50.0,,,ChIJNzlZfCosDogR_KY99Plak3s,Contacts; EmailExtractor; FDN; GoogleMaps
Clarkson Grain Mattoon Plant,Grain elevator,"2808 Thomason Dr, Mattoon, IL 61938",12172351020.0,https://www.google.com/url?q=https://clarksongrain.com/about/our-facilities/profile/mattoon&opi=79508299&sa=U&ved=2ahUKEwjCzLK9nqKXAxX4OUQIHZsjCqEQ61goDnoECAAQEw&usg=AOvVaw2rEEszDL5kgjiUxMG4JtGv,,,google.com,4.5,45.0,food processing plant Illinois,,,,,,,,,,,,,Contacts; GoogleMaps
Clarkson Grain North Plant,Grain elevator,"924 IL-32, Cerro Gordo, IL 61818",12177632861.0,https://clarksongrain.com/about/our-facilities/profile/cerro-gordo,,,clarksongrain.com,4.4,44.0,food production facility Illinois,,,,,,,,,,,,,Contacts; GoogleMaps
Clover Club Bottling Co,Manufacturer,"356 N Kilbourn Ave, Chicago, IL 60624",17732617100.0,http://glassbottlesoda.org/bottlers/cloverclub.shtml,[],1.0,glassbottlesoda.org,3.9,39.0,food & beverage manufacturer Illinois,,,,,,[],{},3.9,8.0,,,ChIJY52O0yczDogRGaKxdAXeNGk,Contacts; EmailExtractor; FDN; GoogleMaps
Cold Stone Creamery,Ice cream shop,"1611 Sherman Ave, Evanston, IL 60201",17736660035.0,https://www.coldstonecreamery.com/stores/21119?utm_source=gmb&utm_medium=gmb&utm_campaign=gmb&utm_id=gmb,,,coldstonecreamery.com,4.5,45.0,food manufacturer Evanston IL,,,,,,,,,,,,,Contacts; GoogleMaps
Comida,Mexican restaurant,"1928 Central St, Evanston, IL 60201",18478688466.0,http://www.comidaevanston.com/,,,comidaevanston.com,4.4,44.0,food manufacturer Evanston IL,,,,,,,,,,,,,Contacts; GoogleMaps
"Compact Industries, Inc",Manufacturer,"3945 Ohio Ave, St. Charles, IL 60174",16305139600.0,https://www.google.com/url?q=http://www.compactind.com/&opi=79508299&sa=U&ved=2ahUKEwi95ujhn6KXAxWML0QIHTcPE-4Q61goDnoECAAQEw&usg=AOvVaw3uBJ6fQc7L6LsRQojQg7x1,,,google.com,3.5,35.0,food & beverage manufacturer Illinois,,,,,,,,,,,,,Contacts; GoogleMaps
CoreFX Ingredients,Food manufacturing supply,"1007 Church St, Evanston, IL 60201",17732712663.0,http://www.corefxingredients.com/,,,corefxingredients.com,4.3,43.0,food manufacturer Evanston IL,,,,,,,,,,,,,Contacts; GoogleMaps
Corned Beef Factory Woodstock,Restaurant,"460 S Eastwood Dr, Woodstock, IL 60098",18155277437.0,https://cornedbeeffactory.com/,,,cornedbeeffactory.com,4.3,43.0,food production facility Illinois,,,,,,,,,,,,,Contacts; GoogleMaps
Cosgrove Distributors Inc,Distribution service,"120 S Greenwood St, Spring Valley, IL 61362",18156644121.0,https://www.google.com/url?q=https://www.cosgrovedistributors.com/&opi=79508299&sa=U&ved=2ahUKEwjzycyqoKKXAxWyIkQIHR3HAk4Q61goDnoECAAQEw&usg=AOvVaw3l4nTBFEyhpKxNW8NDNx4N,,,google.com,4.9,49.0,food distributor Illinois,,,,,,,,,,,,,Contacts; GoogleMaps
Costco Business Delivery Meat Department,Meat wholesaler,"7300 S Cicero Ave, Chicago, IL 60629",17085529010.0,http://www.costcobusinessdelivery.com/,,,costcobusinessdelivery.com,4.8,48.0,food processing plant Bedford Park IL,,,,,,,,,,,,,Contacts; GoogleMaps
Country Malt Group - Chicago,Brewing supply store,"26051 S Cleveland Ave Unit 100, Monee, IL 60449",18446377107.0,https://www.countrymalt.com/,,,countrymalt.com,4.8,48.0,food & beverage manufacturer Illinois,,,,,,,,,,,,,Contacts; GoogleMaps
Cozzini Inc.,Food processing equipment,"2567 Greenleaf Ave, Elk Grove Village, IL 60007",17734789700.0,http://www.cozzini.com/,,,cozzini.com,3.9,39.0,food manufacturer Elk Grove Village IL,,,,,,,,,,,,,Contacts; GoogleMaps
"Crest Foods Co., Inc. - Main Plant",Manufacturer,"502 Brown Ave, Ashton, IL 61006",18154537411.0,https://crestfoods.com/,,,crestfoods.com,4.4,44.0,food production facility Illinois,,,,,,,,,,,,,Contacts; GoogleMaps
Cupitol Coffee & Eatery (Evanston),Restaurant,"812 Grove St, Evanston, IL 60201",18478688078.0,https://www.cupitol.com/,,,cupitol.com,4.5,45.0,food manufacturer Evanston IL,,,,,,,,,,,,,Contacts; GoogleMaps
Curd Tunes,Restaurant,"2223 Washington St Unit #106, Evanston, IL 60202",17739655816.0,https://www.curdtunes.com/,,,curdtunes.com,5.0,50.0,food manufacturer Evanston IL,,,,,,,,,,,,,Contacts; GoogleMaps
Custom Culinary Inc. Griffith Foods,Food processing company,"2050 S Finley Rd #10, Lombard, IL 60148",18006218827.0,https://www.customculinary.com/,,,customculinary.com,5.0,50.0,food manufacturer Illinois,,,,,,,,,,,,,Contacts; GoogleMaps
"Custom Culinary, Inc.",Food products supplier,"2100 Wiesbrook Dr, Oswego, IL 60543",16302990549.0,http://www.customculinary.com/,,,customculinary.com,4.4,44.0,food manufacturer Illinois,,,,,,,,,,,,,Contacts; GoogleMaps
D&D Finer Foods,Grocery store,"825 Noyes St, Evanston, IL 60201",18474754344.0,http://ddfinerfoods.com/,,,ddfinerfoods.com,4.5,45.0,food manufacturer Evanston IL,,,,,,,,,,,,,Contacts; GoogleMaps
DMS Packaging,Packaging company,"1201 Mark St, Elk Grove Village, IL 60007",18479073700.0,http://dmspack.com/,,,dmspack.com,4.8,48.0,food manufacturer Elk Grove Village IL,,,,,,,,,,,,,Contacts; GoogleMaps
DPI Specialty Foods Inc,Distribution service,"6800 Santa Fe Dr, Hodgkins, IL 60525",17086985701.0,,[],1.0,,3.5,35.0,food processing plant Bedford Park IL,,,,,,,,,,,,,Contacts; EmailExtractor; GoogleMaps
DWF Food & Paper Redistributors,Wholesaler,"575 N Sacramento Blvd, Chicago, IL 60612",13127382036.0,https://dwffoods.com/,alex@dwffoods.com,1.0,dwffoods.com,4.4,44.0,food distributor Illinois,,,,,,[],{},4.4,20.0,,,ChIJoU4T5dcsDogRrPcwQbjtBzI,Contacts; EmailExtractor; FDN; GoogleMaps
Danielson Food Products,Meat processor,"215 W Root St, Chicago, IL 60609",17732852111.0,https://danielsonfoods.com/,jdanielson@danielsonfoods.com,1.0,danielsonfoods.com,4.8,48.0,food processing plant Bedford Park IL,,,,,,[],{},4.8,4.0,,,ChIJ90JwOBwsDogRbkLFsbe2liY,Contacts; EmailExtractor; FDN; GoogleMaps
Dbc Ingredients,Food products supplier,"1035 Jackson Ave, River Forest, IL 60305",17083665300.0,https://dbcingredients.com/,,,dbcingredients.com,5.0,50.0,food & beverage manufacturer Illinois,,,,,,,,,,,,,Contacts; GoogleMaps
De Kalb Wholesale Foods,Food products supplier,"325 Edward St Ste D, Sycamore, IL 60178",18157581944.0,,[],1.0,,,,food distributor Illinois,,,,,,,,,,,,,Contacts; EmailExtractor
Dearborn Marketplace,Wholesaler,"5230 S Cicero Ave, Chicago, IL 60638",17735238861.0,https://dearbornmarketplace.com/,[],1.0,dearbornmarketplace.com,4.8,48.0,food distributor Illinois,,,,,,[],{},4.8,31.0,,,ChIJiUh1zJMtDogRr20vYFSXDZU,Contacts; EmailExtractor; FDN; GoogleMaps
Dearborn Wholesale Grocers LP 2226077,Wholesale grocer,"4525 W Madison St, Chicago, IL 60624",17733785353.0,https://www.dearborn-wholesale.com/,[],1.0,dearborn-wholesale.com,4.3,43.0,food distributor Illinois,,,,,,[],{},4.3,228.0,,,ChIJ2VT_ACEzDogR9F59NGag3lo,Contacts; EmailExtractor; FDN; GoogleMaps
Deep Foods,Food manufacturer,"1111 Lake St, Streamwood, IL 60107",16308377400.0,,[],1.0,,4.2,42.0,food manufacturer Illinois,,,,,,,,,,,,,Contacts; EmailExtractor; GoogleMaps
Deep Purpl Acai,Health food restaurant,"630 Davis St, Evanston, IL 60201",13129997695.0,http://deeppurplchicago.com/,,,deeppurplchicago.com,4.3,43.0,food manufacturer Evanston IL,,,,,,,,,,,,,Contacts; GoogleMaps
Deer Processing,Butcher shop,"11928 Niabi Zoo Rd, Coal Valley, IL 61240",13097995994.0,https://www.google.com/url?q=https://www.quadcitytreecare.com/deer-processing&opi=79508299&sa=U&ved=2ahUKEwjvxoOCnqKXAxUgIUQIHe3FJ4UQ61goDnoECAAQEw&usg=AOvVaw1qpZgsiuQcJ_-ltBkSOqWU,,,google.com,4.8,48.0,food processing plant Illinois,,,,,,,,,,,,,Contacts; GoogleMaps
Devanco Foods,Food products supplier,"440 Mission St, Carol Stream, IL 60188",18472287070.0,http://www.devancofoods.com/,,,devancofoods.com,4.0,40.0,food manufacturer Cicero IL,,,,,,,,,,,,,Contacts; GoogleMaps
Dharti Food,Wholesaler,"2371 United Ln, Elk Grove Village, IL 60007",17732569399.0,,[],1.0,,4.2,42.0,food distributor Elk Grove Village IL,,,,,,,,,,,,,Contacts; EmailExtractor; GoogleMaps
"Diamond Pet Food-Rushville, IN",Manufacturer,"2530 IN-3, Rushville, IN 46173",,http://diamondpet.com/,,,diamondpet.com,4.7,47.0,food production facility Illinois,,,,,,,,,,,,,Contacts; GoogleMaps
Distinctive Foods LLC,Food products supplier,"654 Wheeling Rd, Wheeling, IL 60090",18474593600.0,https://www.distinctivefoods.com/,,,distinctivefoods.com,3.5,35.0,food manufacturer Illinois,,,,,,,,,,,,,Contacts; GoogleMaps
Distribution Market Advantage,Food products supplier,"200 N Martingale Rd #500, Schaumburg, IL 60173",18474130082.0,http://www.dmadelivers.com/,,,dmadelivers.com,3.0,30.0,food distributor Elk Grove Village IL,,,,,,,,,,,,,Contacts; GoogleMaps
Diversified Foodservice Supply,Distribution service,"620 Darling Dr Ste 1, Vernon Hills, IL 60061",18475586642.0,https://dfsupply.com/,,,dfsupply.com,3.0,30.0,food distributor Illinois,,,,,,,,,,,,,Contacts; GoogleMaps
Donostia Foods,Food products supplier,(312) 997-5181,13129975181.0,https://www.donostiafoods.com/,,,donostiafoods.com,5.0,50.0,food manufacturer Cicero IL,,,,,,,,,,,,,Contacts; GoogleMaps
DrPepper Snapple Group,Beverage distributor,"401 N Railroad Ave, Northlake, IL 60164",17089475000.0,http://www.drpeppersnapplegroup.com/,,,drpeppersnapplegroup.com,3.0,30.0,food & beverage manufacturer Illinois,,,,,,,,,,,,,Contacts; GoogleMaps
Dreamers Gourmet - Specialty Food Manufacturer,Manufacturer,"4318 River Rd, Schiller Park, IL 60176",17737752722.0,http://www.dreamersgourmet.com/,[],1.0,dreamersgourmet.com,5.0,50.0,food manufacturer Illinois,,,,,,[],{},5.0,1.0,,,ChIJU7QXmLfOD4gRhjcFx3JnZCU,Contacts; EmailExtractor; FDN; GoogleMaps
Dutch American Foods,Food products supplier,"25393 S Dixie Hwy, Crete, IL 60417",17089463000.0,http://www.dutchamericanfoods.com/,,,dutchamericanfoods.com,4.6,46.0,food manufacturer Illinois,,,,,,,,,,,,,Contacts; GoogleMaps
"Dutch American Foods, Inc.",Food products supplier,"1362 Dutch American Way, Beecher, IL 60401",17089463000.0,http://www.dutchamericanfoods.com/,,,dutchamericanfoods.com,3.8,38.0,food manufacturer Illinois,,,,,,,,,,,,,Contacts; GoogleMaps
Dutch Farms,Dairy supplier,"700 E 107th St, Chicago, IL 60628",17736600900.0,http://www.dutchfarms.com/,[],1.0,dutchfarms.com,3.5,35.0,food manufacturer Illinois,,,,,,[],{},3.5,155.0,,,ChIJjcdm82MmDogRYtSBuxVdDhY,Contacts; EmailExtractor; FDN; GoogleMaps
EBRO Foods Inc.,Manufacturer,"1330 W 43rd St, Chicago, IL 60609",17736960150.0,https://www.ebrofoods.com/,[],1.0,ebrofoods.com,4.4,44.0,food manufacturer Illinois,,,,,,[],{},4.4,16.0,,,ChIJGVmG8X8uDogR9Lbk_4fOlN4,Contacts; EmailExtractor; FDN; GoogleMaps
"Eagle Distributors, Inc",Distribution service,"1111 Taft Ave, Berkeley, IL 60163",17737755777.0,https://www.google.com/url?q=https://www.eagledistributorsinc.com/&opi=79508299&sa=U&ved=2ahUKEwj-krKWoKKXAxVXDkQIHQk8KOgQ61goDnoECAAQEw&usg=AOvVaw3u8G2BVf1q5e8QyVRFMrZ7,,,google.com,4.4,44.0,food distributor Illinois,,,,,,,,,,,,,Contacts; GoogleMaps
Eastland Food Corporation,Food products supplier,"606 Territorial Dr ste a, Bolingbrook, IL 60440",16306332470.0,http://www.eastlandfood.com/,,,eastlandfood.com,5.0,50.0,food manufacturer Illinois,,,,,,,,,,,,,Contacts; GoogleMaps
Eating In Delivery,Delivery service,"1862 Sherman Ave, Evanston, IL 60201",17738162258.0,http://eatinginonline.com/,,,eatinginonline.com,,,food manufacturer Evanston IL,,,,,,,,,,,,,Contacts
Ed Miniat LLC,Meat processor,"16250 Vincennes Ave, South Holland, IL 60473",17085892400.0,https://www.google.com/url?q=http://www.miniat.com/&opi=79508299&sa=U&ved=2ahUKEwiF7rm4nqKXAxUPJEQIHTrxJSIQ61goDnoECAAQEw&usg=AOvVaw03bPkuMY15JSm7l1OBTYmw,,,google.com,3.1,31.0,food processing plant Illinois,,,,,,,,,,,,,Contacts; GoogleMaps
Edlong Corporation,Food manufacturer,"225 Scott St, Elk Grove Village, IL 60007",18476316700.0,https://www.edlong.com/?utm_source=GMB&utm_medium=Organic,,,edlong.com,4.0,40.0,food manufacturer Cicero IL,,,,,,,,,,,,,Contacts; GoogleMaps
Eickman's Processing Co,Meat processor,"3226 S Pecatonica Rd, Seward, IL 61077",18152478451.0,https://www.eickmans.com/,,,eickmans.com,4.8,48.0,food production facility Illinois,,,,,,,,,,,,,Contacts; GoogleMaps
El Milagro Tortillas,Food manufacturer,"2919 S Western Ave, Chicago, IL 60608",17736501614.0,http://www.el-milagro.com/,[],1.0,el-milagro.com,3.9,39.0,food manufacturer Illinois,,,,,,[],{},3.9,71.0,,,ChIJIyWbqpMtDogR4GjBJtImzeM,Contacts; EmailExtractor; FDN; GoogleMaps
El Molcajete Sauces,Food manufacturer,"553 Hinman Ave, Evanston, IL 60202",14153238057.0,http://elmolcajetesauces.com/,,,elmolcajetesauces.com,,,food manufacturer Evanston IL,,,,,,,,,,,,,Contacts
Elegant Packaging,Packaging company,"5253 Roosevelt Rd, Cicero, IL 60804",18003675493.0,http://www.elegantpackaging.com/,,,elegantpackaging.com,4.0,40.0,food manufacturer Cicero IL,,,,,,,,,,,,,Contacts; GoogleMaps
Element Food Solutions - Shipping and Receiving,Food manufacturer,"7225 Santa Fe Dr, Hodgkins, IL 60525",18003518178.0,http://www.arro.com/,[],1.0,arro.com,4.4,44.0,food production facility Illinois,,,,,,[],{},4.4,349.0,,,ChIJq3FrcSJIDogRNWkbHlbxL5s,Contacts; EmailExtractor; FDN; GoogleMaps
Elgin Beverage Co.,Beverage distributor,"300 Miles Pkwy, Bartlett, IL 60103",18477415959.0,https://www.elginbeverage.com/,,,elginbeverage.com,4.7,47.0,food & beverage manufacturer Illinois,,,,,,,,,,,,,Contacts; GoogleMaps
Elk Grove Food Pantry and General assistance,Food bank,"600 Landmeier Rd, Elk Grove Village, IL 60007",12242656111.0,https://elkgrovetownship.com/elk-grove-township-client-choice-food-pantry-provides-insight-to-needs/,,,elkgrovetownship.com,4.7,47.0,food distributor Elk Grove Village IL,,,,,,,,,,,,,Contacts; GoogleMaps
Equichem International Inc,Food manufacturing supply,"510 Tower Blvd, Carol Stream, IL 60188",16307840432.0,https://www.google.com/url?q=http://www.equichem.com/&opi=79508299&sa=U&ved=2ahUKEwiPjMvWn6KXAxVIJ0QIHfs4IiIQ61goDXoECAAQEA&usg=AOvVaw3zk_RXphJJ0cYZG_1ZX5nq,,,google.com,,,food & beverage manufacturer Illinois,,,,,,,,,,,,,Contacts
Erbil Yogurt Inc. ‏لبن أربيل -Kurdish Yogurt,Food manufacturer,"1330 Louis Ave, Elk Grove Village, IL 60007",18004105506.0,https://erbilbrand.com/where-to-buy/,,,erbilbrand.com,4.8,48.0,food manufacturer Elk Grove Village IL,,,,,,,,,,,,,Contacts; GoogleMaps
"Eridor Foodservice, Inc.",Food products supplier,"450 W Schaumburg Rd, Schaumburg, IL 60194",17733546691.0,http://eridorfoods.com/,,,eridorfoods.com,,,food distributor Elk Grove Village IL,,,,,,,,,,,,,Contacts
Erie Foods International Rochelle Manufacturing,Food manufacturer,"1201 S Main St, Rochelle, IL 61068",18155623441.0,http://www.eriefoods.com/,,,eriefoods.com,4.6,46.0,food manufacturer Illinois,,,,,,,,,,,,,Contacts; GoogleMaps
"Erie Foods International, Inc.",Corporate office,"401 7th Ave, Erie, IL 61250",13096592233.0,http://www.eriefoods.com/,,,eriefoods.com,4.2,42.0,food distributor Illinois,,,,,,,,,,,,,Contacts; GoogleMaps
Euclid Beverage,Beer distributor,"1201 Enterprise Ave, Galesburg, IL 61401",16308012337.0,https://www.euclidbeverage.com/,,,euclidbeverage.com,4.9,49.0,food & beverage manufacturer Illinois,,,,,,,,,,,,,Contacts; GoogleMaps
Euclid Beverage,Beer distributor,"200 Overland Dr, North Aurora, IL 60542",16308012337.0,http://www.euclidbeverage.com/,,,euclidbeverage.com,3.7,37.0,food & beverage manufacturer Illinois,,,,,,,,,,,,,Contacts; GoogleMaps
European Food Express - biggest European grocery market online,Grocery delivery service,"2405 Estes Ave, Elk Grove Village, IL 60007",12244044635.0,https://europeanfoodexpress.com/,,,europeanfoodexpress.com,4.9,49.0,food manufacturer Elk Grove Village IL,,,,,,,,,,,,,Contacts; GoogleMaps
European Imports,Distribution service,"600 E Brook Dr, Arlington Heights, IL 60005",18476316000.0,http://www.eiltd.com/,,,eiltd.com,3.6,36.0,food distributor Elk Grove Village IL,,,,,,,,,,,,,Contacts; GoogleMaps
Evangers Pet Food,Food manufacturer,"2210 W 162nd St, Markham, IL 60428",18475370102.0,https://evangersdogfood.com/,,,evangersdogfood.com,3.8,38.0,food manufacturer Cicero IL,,,,,,,,,,,,,Contacts; GoogleMaps
Evans Food Group,Food products supplier,"4118 S Halsted St, Chicago, IL 60609",18886438267.0,http://evansfood.com/,[],1.0,evansfood.com,3.4,34.0,food manufacturer Illinois,,,,,,[],{},3.4,175.0,,,ChIJsRxQXiYsDogRQwzbM6Ds4dI,Contacts; EmailExtractor; FDN; GoogleMaps
Evanston Farmers' Market,Farmers' market,"1808 Maple Ave, Evanston, IL 60201",18474488045.0,https://evanstonfarmersmarkets.org/,,,evanstonfarmersmarkets.org,4.7,47.0,food manufacturer Evanston IL,,,,,,,,,,,,,Contacts; GoogleMaps
Evanston's Electrical Contracting,Cafe,"1080 Church St, Evanston, IL 60201",18479089102.0,,[],1.0,,5.0,50.0,food manufacturer Evanston IL,,,,,,,,,,,,,Contacts; EmailExtractor; GoogleMaps
Everest Indian Cuisine,Indian restaurant,"630 Church St, Evanston, IL 60201",18474911069.0,https://www.everestevanston.com/,,,everestevanston.com,4.2,42.0,food manufacturer Evanston IL,,,,,,,,,,,,,Contacts; GoogleMaps
Everest Traders International LLC,Wholesale food store,"150 Bond St, Elk Grove Village, IL 60007",12242249140.0,http://www.everesttraders.com/,,,everesttraders.com,5.0,50.0,food distributor Elk Grove Village IL,,,,,,,,,,,,,Contacts; GoogleMaps
Evergreen FS Lime Processing Facility,Farm,"890 IL-32, Cerro Gordo, IL 61818",13099634571.0,https://www.google.com/url?q=https://www.evergreen-fs.com/&opi=79508299&sa=U&ved=2ahUKEwiYnf-3nqKXAxWQKEQIHaztA3cQ61goDXoECAAQEA&usg=AOvVaw3T_CizSPJbG5o4W7qfNCqf,,,google.com,,,food processing plant Illinois,,,,,,,,,,,,,Contacts
Every Body Eat,Food manufacturer,"1012 Chicago Ave, Evanston, IL 60202",18474250074.0,https://everybodyeating.com/,,,everybodyeating.com,4.7,47.0,food manufacturer Evanston IL,,,,,,,,,,,,,Contacts; GoogleMaps
Exotic Snack Hub,Wholesaler,"2240 Landmeier Rd, Elk Grove Village, IL 60007",,https://exoticsnack-hub.com/,,,exoticsnack-hub.com,5.0,50.0,food distributor Elk Grove Village IL,,,,,,,,,,,,,Contacts; GoogleMaps
Factor 75 Kitchen & Packing Facility,Food producer,"11235 Franklin Ave, Franklin Park, IL 60131",17082757921.0,http://www.factormealsprice.com/,,,factormealsprice.com,2.3,23.0,food processing plant Bedford Park IL,,,,,,,,,,,,,Contacts; GoogleMaps
"Family Food Distibutors, Inc",Wholesaler,"7307 S Meade Ave, Bedford Park, IL 60638",17739971919.0,https://www.google.com/url?q=http://www.familyfooddist.com/&opi=79508299&sa=U&ved=2ahUKEwjR_eL_n6KXAxVrJ0QIHUGNFVUQ61goDXoECAAQEA&usg=AOvVaw2oO5RGFIXMnvqb5pIV36dH,,,google.com,,,food distributor Illinois,,,,,,[],{},,0.0,,,ChIJjXLKagAxDogRHbVTT9vyA4I,Contacts; FDN
Family Produce & Food Sevices,Grocery store,"2485 S Wolf Rd, Des Plaines, IL 60018",18472880885.0,https://www.google.com/url?q=http://familyproducechicago.com/&opi=79508299&sa=U&ved=2ahUKEwi8mIWjoKKXAxXILEQIHQLLEkwQ61goDnoECAAQEw&usg=AOvVaw1everIsQ-N5QQFDbQ-v6MU,,,google.com,4.0,40.0,food distributor Illinois,,,,,,[],{},4.0,5.0,42.0064699,-87.9084668,ChIJozHlxO62D4gRo5wrAPPrnro,Contacts; FDN; GoogleMaps
Farabi Distributors Inc.,Food products supplier,"7080 N McCormick Blvd, Lincolnwood, IL 60712",18472131010.0,https://www.google.com/url?q=http://distributorfarabi.com/&opi=79508299&sa=U&ved=2ahUKEwjPwvfsn6KXAxU6JkQIHd8iAIkQ61goDnoECAAQEw&usg=AOvVaw2xF76nB5hUzF7wTllBV-Uy,,,google.com,4.6,46.0,food distributor Illinois,,,,,,,,,,,,,Contacts; GoogleMaps
Farmington Locker Plant,Meat processor,"101 W Fort St, Farmington, IL 61531",13092454621.0,,[],1.0,,5.0,50.0,food processing plant Illinois,,,,,,,,,,,,,Contacts; EmailExtractor; GoogleMaps
Farmland Foods Inc,Food processing company,"1220 N 6th St, Monmouth, IL 61462",13097345353.0,,[],1.0,,3.4,34.0,food production facility Illinois,,,,,,,,,,,,,Contacts; EmailExtractor; GoogleMaps
Fausto's Bakery,Bakery,"105 Crossen Ave, Elk Grove Village, IL 60007",18474393564.0,https://www.faustosbread.com/,,,faustosbread.com,4.6,46.0,food manufacturer Elk Grove Village IL,,,,,,,,,,,,,Contacts; GoogleMaps
Ferdel Promotions Wholesale Grocers,Wholesale grocer,"3730 W 38th St, Chicago, IL 60632",17733762828.0,https://www.google.com/url?q=https://ferdelpromotions.com/&opi=79508299&sa=U&ved=2ahUKEwjfloedoKKXAxWxCbwBHeFvHDAQ61goDnoECAAQEw&usg=AOvVaw0vNxcDn0YxifzEVVdmFSd6,,,google.com,4.8,48.0,food distributor Illinois,,,,,,[],{},4.8,20.0,,,ChIJ-TF6LiIyDogRPoD7rZ8Nt2g,Contacts; FDN; GoogleMaps
Ferrara Candy Company,Candy store,"7301 Harrison St, Forest Park, IL 60130",17732434300.0,http://www.ferrarausa.com/,[],1.0,ferrarausa.com,4.6,46.0,food manufacturer Illinois,,,,,,[],{},4.6,130.0,,,ChIJxdJa5uU0DogRwQlwX9mB2RM,Contacts; EmailExtractor; FDN; GoogleMaps
Ferrara Candy Company,Manufacturer,"2945 W 31st St, Chicago, IL 60623",17732540900.0,https://www.ferrarausa.com/,[],1.0,ferrarausa.com,4.0,40.0,food manufacturer Cicero IL,,,,,,[],{},4.6,130.0,,,ChIJxdJa5uU0DogRwQlwX9mB2RM,Contacts; EmailExtractor; FDN; GoogleMaps
Ferrero Franklin Park Plant,Manufacturer,"3401 Mt Prospect Rd, Franklin Park, IL 60131",18479575884.0,,[],1.0,,4.3,43.0,food processing plant Bedford Park IL,,,,,,,,,,,,,Contacts; EmailExtractor; GoogleMaps
Flying Food Group,Caterer,"5333 S Laramie Ave, Chicago, IL 60638",17738840770.0,http://flyingfood.com/,[],1.0,flyingfood.com,5.0,50.0,food manufacturer Cicero IL,,,,,,[],{},5.0,2.0,41.7963731,-87.7513857,ChIJO_GTDxMxDogRtJZk0PGqCK4,Contacts; EmailExtractor; FDN; GoogleMaps
Food Pack & Carry LLC,Packaging company,"72B Stone Hill Rd, Oswego, IL 60543",13319991116.0,https://foodpack.us/,,,foodpack.us,,,food & beverage manufacturer Illinois,,,,,,,,,,,,,Contacts
Food Science & Human Nutrition Pilot Processing Plant,Laboratory,"Agricultural Engineering Science Building, 1304 W Pennsylvania Ave, Urbana, IL 61801",12173005404.0,http://pilotplant.aces.illinois.edu/,,,pilotplant.aces.illinois.edu,,,food production facility Illinois,,,,,,,,,,,,,Contacts
Food Service Equipment Corporation,Restaurant supply store,"2019 SW Adams St, Peoria, IL 61602",13096730225.0,http://www.foodserviceequipmentcorp.com/,,,foodserviceequipmentcorp.com,5.0,50.0,food distributor Illinois,,,,,,,,,,,,,Contacts; GoogleMaps
Foodco Wholesale,Restaurant supply store,"5535 N Lynch Ave, Chicago, IL 60630",17735885000.0,https://www.foodcowholesale.com/,info@foodcowholesale.com,1.0,foodcowholesale.com,4.1,41.0,food distributor Illinois,,,,,,[],{},4.1,14.0,,,ChIJt6FHoyjPD4gR9zhOb9MPNNM,Contacts; EmailExtractor; FDN; GoogleMaps
Foodstuffs Events and Catering,Caterer,"2104 Central St, Evanston, IL 60201",18473288504.0,https://www.foodstuffscatering.com/,,,foodstuffscatering.com,5.0,50.0,food manufacturer Evanston IL,,,,,,,,,,,,,Contacts; GoogleMaps
Foodstuffs Gourmet Foods & Catering,Gourmet grocery store,"1456 Waukegan Rd, Glenview, IL 60025",18478329999.0,https://www.foodstuffs.com/,,,foodstuffs.com,4.4,44.0,food manufacturer Evanston IL,,,,,,,,,,,,,Contacts; GoogleMaps
Foodstuffs Gourmet Foods & Catering,Gourmet grocery store,"2106 Central St, Evanston, IL 60201",18473287704.0,http://www.foodstuffs.com/evanston/,,,foodstuffs.com,4.1,41.0,food manufacturer Evanston IL,,,,,,,,,,,,,Contacts; GoogleMaps
Forest Packaging Corp,Packaging company,"1955 Estes Ave, Elk Grove Village, IL 60007",18479817000.0,http://www.forestpkg.com/,,,forestpkg.com,4.6,46.0,food manufacturer Elk Grove Village IL,,,,,,,,,,,,,Contacts; GoogleMaps
Four Star Foods,Food products supplier,"2420 S Wood St Ste 3, Chicago, IL 60608",13125630300.0,http://www.fourstarfoods.com/,[],1.0,fourstarfoods.com,4.6,46.0,food manufacturer Illinois,,,,,,[],{},4.6,46.0,,,ChIJJ58S5NcsDogR5PoX8q2mNz0,Contacts; EmailExtractor; FDN; GoogleMaps
Frank Korinek & Company Inc.,Wholesale bakery,"4828 W 25th St, Cicero, IL 60804",17086522870.0,http://frankkorinekandcompanyinc.com/,,,frankkorinekandcompanyinc.com,4.9,49.0,food manufacturer Cicero IL,,,,,,,,,,,,,Contacts; GoogleMaps
FreezPak Logistics,Cold storage facility,"7101 S Leamington Ave, Bedford Park, IL 60638",,https://freezpak.com/,,,freezpak.com,4.9,49.0,food processing plant Bedford Park IL,,,,,,,,,,,,,Contacts; GoogleMaps
Frida's Breakfast and Lunch,Breakfast restaurant,"618 Church St, Evanston, IL 60201",18478596342.0,http://fridasevanston.com/,,,fridasevanston.com,4.6,46.0,food manufacturer Evanston IL,,,,,,,,,,,,,Contacts; GoogleMaps
Fusion Tech Integrated,Food processing equipment,"218 20th Ave, Roseville, IL 61473",13095884803.0,https://www.google.com/url?q=https://ftiinc.org/&opi=79508299&sa=U&ved=2ahUKEwj0tuGwnqKXAxWNCbwBHangI7kQ61goDnoECAAQEw&usg=AOvVaw1nNjcEuD95tri5ByicIkMn,,,google.com,4.5,45.0,food processing plant Illinois,,,,,,,,,,,,,Contacts; GoogleMaps
Futuro Foods Inc,Distribution service,"955 Lively Blvd, Wood Dale, IL 60191",18478015050.0,http://futurofoods.com/,,,futurofoods.com,4.3,43.0,food distributor Elk Grove Village IL,,,,,,,,,,,,,Contacts; GoogleMaps
GOOD TO GO,Jamaican restaurant,"711 W Howard St, Evanston, IL 60202",17732193366.0,http://www.goodtogorestaurant.com/,,,goodtogorestaurant.com,4.1,41.0,food manufacturer Evanston IL,,,,,,,,,,,,,Contacts; GoogleMaps
Gage Foods,Food manufacturer,"454 Country Club Dr, Bensenville, IL 60106",16305955744.0,https://www.gagefoods.com/,,,gagefoods.com,4.2,42.0,food manufacturer Illinois,,,,,,,,,,,,,Contacts; GoogleMaps
Generous Brands,Produce wholesaler,"7300 Santa Fe Dr, Hodgkins, IL 60525",17084911500.0,http://www.bolthouse.com/,,,bolthouse.com,2.9,29.0,food processing plant Bedford Park IL,,,,,,,,,,,,,Contacts; GoogleMaps
Get Fresh Produce,Food products supplier,"1441 Brewster Creek Blvd, Bartlett, IL 60103",16306659665.0,https://getfreshproduce.com/,,,getfreshproduce.com,3.7,37.0,food distributor Illinois,,,,,,,,,,,,,Contacts; GoogleMaps
Global Market Foods,Importer,"430 Gibraltar Dr, Bolingbrook, IL 60440",17082221442.0,http://www.globalmarketfoods.com/,,,globalmarketfoods.com,3.6,36.0,food manufacturer Illinois,,,,,,,,,,,,,Contacts; GoogleMaps
Gokul Wholesale Inc,Wholesaler,"1141 Bryn Mawr Ave, Itasca, IL 60143",16305409910.0,http://www.gokulwholesale.com/,,,gokulwholesale.com,5.0,50.0,food distributor Elk Grove Village IL,,,,,,,,,,,,,Contacts; GoogleMaps
"Gold Choice Food, LLC",Food products supplier,"2525 S Blue Island Ave Ste 108, Chicago, IL 60608",18448827696.0,,[],1.0,,5.0,50.0,food & beverage manufacturer Illinois,,,,,,,,,,,,,Contacts; EmailExtractor; GoogleMaps
Golden Country Oriental Food,Wholesaler,"2355 S Blue Island Ave, Chicago, IL 60608",17738471700.0,http://www.goldencountry.com/,,,goldencountry.com,3.1,31.0,food distributor Illinois,,,,,,,,,,,,,Contacts; GoogleMaps
Golden Eagle Distributors,Wholesaler,"1133 N Ridge Ave, Lombard, IL 60148",17735428000.0,https://www.google.com/url?q=https://goldeneagledistributors.com/&opi=79508299&sa=U&ved=2ahUKEwjt4bDZn6KXAxUnB7wBHX5tMgoQ61goDnoECAAQEw&usg=AOvVaw3A_adRI8Bu2jj1iKePsy4B,,,google.com,4.8,48.0,food & beverage manufacturer Illinois,,,,,,,,,,,,,Contacts; GoogleMaps
Gorilla Supply - Chicago Restaurant Supplier,Restaurant supply store,"1125 Lunt Ave, Elk Grove Village, IL 60007",17739931765.0,http://www.gorillapaper.com/,,,gorillapaper.com,4.6,46.0,food manufacturer Elk Grove Village IL,,,,,,,,,,,,,Contacts; GoogleMaps
Gourmet Gorilla,Delivery Restaurant,"833 W Haines St, Chicago, IL 60642",18772193663.0,https://www.gourmetgorilla.com/,[],1.0,gourmetgorilla.com,3.2,32.0,food production facility Illinois,,,,,,[],{},3.2,54.0,,,ChIJDzEW_totDogRw0KP010WQUk,Contacts; EmailExtractor; FDN; GoogleMaps
Granadino Food Services,Wholesaler,"7506 W 85th Pl, Bridgeview, IL 60455",17083586217.0,http://www.granadinofoods.com/,[],1.0,granadinofoods.com,5.0,50.0,food manufacturer Illinois,,,,,,[],{},5.0,1.0,41.7363665,-87.807278,ChIJCSgdHto5DogRJH0qwZUXAe8,Contacts; EmailExtractor; FDN; GoogleMaps
Grante Foods International LLC,Import export company,"464 Brighton Dr, Bloomingdale, IL 60108",17737519551.0,https://www.google.com/url?q=http://www.gfi-foods.com/&opi=79508299&sa=U&ved=2ahUKEwjkiqb1n6KXAxWbB7wBHehpC_oQ61goDnoECAAQEw&usg=AOvVaw3sK_JIt8wiO00odozQHwNa,,,google.com,5.0,50.0,food distributor Illinois,,,,,,,,,,,,,Contacts; GoogleMaps
Graphic Packaging International,Manufacturer,"500 Dacey Dr, Shelbyville, IL 62565",12177742176.0,https://www.google.com/url?q=https://careers.graphicpkg.com/search/%3FcreateNewAlert%3Dfalse%26q%3D%26locationsearch%3Dshelbyville%26optionsFacetsDD_customfield1%3D%26optionsFacetsDD_location%3D%26optionsFacetsDD_customfield2%3D%26optionsFacetsDD_country%3D&opi=79508299&sa=U&ved=2ahUKEwj4h8SbnqKXAxVLJ0QIHeTpLZ0Q61goDnoECAAQEw&usg=AOvVaw28RIFctrQc3DaUD_lrh4Hj,,,google.com,1.9,19.0,food processing plant Illinois,,,,,,,,,,,,,Contacts; GoogleMaps
Great Harvest Bread Co. Evanston,Bakery,"2126 Central St, Evanston, IL 60201",18478668609.0,http://greatharvestevanston.com/,,,greatharvestevanston.com,4.1,41.0,food manufacturer Evanston IL,,,,,,,,,,,,,Contacts; GoogleMaps
Great Lakes Milk Products Inc,Food products supplier,"3000 W North Ave, Melrose Park, IL 60160",17085441692.0,http://www.greatlakesmilk.com/,,,greatlakesmilk.com,4.9,49.0,food manufacturer Illinois,,,,,,,,,,,,,Contacts; GoogleMaps
Great Lakes Packing Co,Meat packer,"1535 W 43rd St, Chicago, IL 60609",17739276660.0,https://www.google.com/url?q=http://www.glpacking.com/&opi=79508299&sa=U&ved=2ahUKEwjoi5eUnqKXAxV6BUQIHSsjFPwQ61goDnoECAAQEw&usg=AOvVaw1TK0EmqnrvahzKDdf28alI,,,google.com,3.7,37.0,food processing plant Illinois,,,,,,[],{},3.7,12.0,,,ChIJ92TLuHguDogRUOCMdBENSOw,Contacts; FDN; GoogleMaps
Great Lakes Wholesale International,Wholesaler,"16410 John Ln Crossing #400, Lockport, IL 60441",17085976000.0,http://www.glwholesale.com/,,,glwholesale.com,4.0,40.0,food distributor Illinois,,,,,,,,,,,,,Contacts; GoogleMaps
Great Wall Seafood IL LLC,Seafood wholesaler,"950 Arthur Ave, Elk Grove Village, IL 60007",18479796000.0,,[],1.0,,3.8,38.0,food distributor Elk Grove Village IL,,,,,,,,,,,,,Contacts; EmailExtractor; GoogleMaps
Grecian Delight,Manufacturer,"1301 Estes Ave, Elk Grove Village, IL 60007",18473642783.0,,[],1.0,,3.9,39.0,food manufacturer Elk Grove Village IL,,,,,,,,,,,,,Contacts; EmailExtractor; GoogleMaps
Grecian Delight | Kronos,Food products supplier,"1201 Tonne Rd, Elk Grove Village, IL 60007",18473641010.0,http://gdkfoods.com/,,,gdkfoods.com,3.9,39.0,food manufacturer Elk Grove Village IL,,,,,,,,,,,,,Contacts; GoogleMaps
Greco and Sons,Food products supplier,"1550 Hecht Dr, Bartlett, IL 60103",16308379900.0,http://www.grecoandsons.com/,,,grecoandsons.com,3.0,30.0,food distributor Illinois,,,,,,,,,,,,,Contacts; GoogleMaps
Green Meadows Foods,Manufacturer,"145 W State St, Paxton, IL 60957",12175791123.0,https://www.greenmeadowsfoods.com/,,,greenmeadowsfoods.com,3.8,38.0,food production facility Illinois,,,,,,,,,,,,,Contacts; GoogleMaps
"Green Mountain Flavors, Inc.",Food products supplier,"442 Treasure Dr, Oswego, IL 60543",16305549530.0,https://www.google.com/url?q=https://www.greenmountainflavors.com/&opi=79508299&sa=U&ved=2ahUKEwi5iZPJnqKXAxW2kO4BHd3yBqUQ61goDnoECAAQEw&usg=AOvVaw036iTtFTF09yA_hd-yIk8L,,,google.com,4.6,46.0,food & beverage manufacturer Illinois,,,,,,,,,,,,,Contacts; GoogleMaps
GreenSeed Contract Packaging,Manufacturer,"1025 Paramount Pkwy, Batavia, IL 60510",16307618544.0,https://greenseedcp.com/,[],1.0,greenseedcp.com,4.4,44.0,food manufacturer Illinois,,,,,,[],{},4.4,107.0,,,ChIJ5yyKkE78DogRFsjklN9Nmnc,Contacts; EmailExtractor; FDN; GoogleMaps
Greenleaf Foods,Food manufacturer,"2200 Cabot Dr, Lisle, IL 60532",17085666120.0,http://www.greenleaffoods.com/,,,greenleaffoods.com,4.0,40.0,food manufacturer Illinois,,,,,,,,,,,,,Contacts; GoogleMaps
Greenridge,Meat products store,"2355 Greenleaf Ave, Elk Grove Village, IL 60007",18474341803.0,https://greenridgenaturals.com/,,,greenridgenaturals.com,4.5,45.0,food manufacturer Elk Grove Village IL,,,,,,,,,,,,,Contacts; GoogleMaps
Gridley Meat Products LLC,Meat processor,"205 E 3rd St, Gridley, IL 61744",13097472120.0,,[],1.0,,3.7,37.0,food processing plant Illinois,,,,,,,,,,,,,Contacts; EmailExtractor; GoogleMaps
Griffith Foods,Food products supplier,"One Griffith Center, 1 S Central Ave, Alsip, IL 60803",17083710900.0,https://www.google.com/url?q=http://www.griffithfoods.com/&opi=79508299&sa=U&ved=2ahUKEwi4wJ-fnqKXAxX8M0QIHUt_OT0Q61goEHoECAAQFQ&usg=AOvVaw3QMCAa4NP06vCntH8OL3UL,,,google.com,2.8,28.0,food processing plant Illinois,,,,,,[],{},2.8,139.0,,,ChIJB_U0G-07DogRfVuvPzmcX0Y,Contacts; FDN; GoogleMaps
H R Distributors,Wholesaler,"6 S, 718 Vandustrial Dr, Westmont, IL 60559",16303436560.0,,[],1.0,,5.0,50.0,food distributor Illinois,,,,,,,,,,,,,Contacts; EmailExtractor; GoogleMaps
H S Midwest Inc,Wholesaler,"847 N Central Ave, Wood Dale, IL 60191",18476910730.0,http://hsmidwestinc.com/,,,hsmidwestinc.com,5.0,50.0,food distributor Elk Grove Village IL,,,,,,,,,,,,,Contacts; GoogleMaps
HNC Products Production Plant,Manufacturer,"8631 Sunset Rd, Clinton, IL 61727",12179354026.0,http://www.hncproducts.com/,,,hncproducts.com,5.0,50.0,food production facility Illinois,,,,,,,,,,,,,Contacts; GoogleMaps
HPPChicago,Food processing company,"475 Miles Pkwy, Bartlett, IL 60103",,https://www.hppchicago.com/,[],1.0,hppchicago.com,3.3,33.0,food production facility Illinois,,,,,,[],{},3.3,3.0,,,ChIJW7hWTAAFD4gRP8Av4Rmvuuo,Contacts; EmailExtractor; FDN; GoogleMaps
Harbor Brewing Company,Brewery,"136 Cedar Ave, Lake Villa, IL 60046",,https://www.harborbeer.com/lake-villa-2,,,harborbeer.com,4.8,48.0,food & beverage manufacturer Illinois,,,,,,,,,,,,,Contacts; GoogleMaps
HarvesTime Foods,Grocery store,"2632 W Lawrence Ave Unit 54, Chicago, IL 60625",17739894400.0,https://harvestimefoods.com/,,,harvestimefoods.com,4.7,47.0,food manufacturer Cicero IL,,,,,,[],{},4.7,745.0,,,ChIJ9YAbAQfSD4gRhIv08iDbB18,Contacts; FDN; GoogleMaps
Harvest Food Group,Food products supplier,"300 W 151st St, East Chicago, IN 46312",17738473313.0,https://www.harvestfoodgroup.com/,[],1.0,harvestfoodgroup.com,3.0,30.0,food production facility Illinois,,,,,,[],{},5.0,5.0,,,ChIJa8F1SNP5DogRluvWGWZe5Ys,Contacts; EmailExtractor; FDN; GoogleMaps
Harvest Food Group,Manufacturer,"1600 Pebblewood Ln, Naperville, IL 60563",16308214000.0,http://www.harvestfoodgroup.com/,[],1.0,harvestfoodgroup.com,5.0,50.0,food manufacturer Illinois,,,,,,[],{},5.0,5.0,,,ChIJa8F1SNP5DogRluvWGWZe5Ys,Contacts; EmailExtractor; FDN; GoogleMaps
Hawkeye Foodservice Distribution,Distribution service,"1536 E Fairchild St, Danville, IL 61832",12174462193.0,,[],1.0,,5.0,50.0,food distributor Illinois,,,,,,,,,,,,,Contacts; EmailExtractor; GoogleMaps
Hawthorne Works,Historical landmark,"4629 W Cermak Rd, Cicero, IL 60804",17084003690.0,,[],1.0,,4.2,42.0,food manufacturer Cicero IL,,,,,,,,,,,,,Contacts; EmailExtractor; GoogleMaps
Hayes Beer Distributing Co,Beer distributor,"12160 S Central Ave, Alsip, IL 60803",17083898200.0,http://www.hayesbeer.com/,,,hayesbeer.com,4.4,44.0,food & beverage manufacturer Illinois,,,,,,,,,,,,,Contacts; GoogleMaps
Hearthside Food Solutions,Manufacturer,"2WQX+9RC, 775 IL-251, Wenona, IL 61377",18158534348.0,http://www.hearthsidefoods.com/,,,hearthsidefoods.com,4.2,42.0,food manufacturer Illinois,,,,,,,,,,,,,Contacts; GoogleMaps
Hearthside Food Solutions LLC,Manufacturer,"3333 Finley Rd Ste 800, Downers Grove, IL 60515",16309673600.0,http://www.hearthsidefoods.com/,,,hearthsidefoods.com,2.5,25.0,food manufacturer Illinois,,,,,,,,,,,,,Contacts; GoogleMaps
Hearthside Food Solutions LLC,Manufacturer,"720 Center Ave, Carol Stream, IL 60188",11454456700.0,https://www.hearthsidefoods.com/,,,hearthsidefoods.com,3.3,33.0,food manufacturer Illinois,,,,,,,,,,,,,Contacts; GoogleMaps
Hearthside Foods,Warehouse,"1220 Meacham Rd, Itasca, IL 60143",13128661600.0,,[],1.0,,4.3,43.0,food distributor Elk Grove Village IL,,,,,,,,,,,,,Contacts; EmailExtractor; GoogleMaps
Hearthside Foods or Elkgrove Village,Warehouse,"2501 Lunt Ave, Elk Grove Village, IL 60007",12248753204.0,http://www.hearthsidefoods.com/,,,hearthsidefoods.com,3.7,37.0,food manufacturer Elk Grove Village IL,,,,,,,,,,,,,Contacts; GoogleMaps
Heartland Food Corporation,Food products supplier,"9532 S Roberts Rd, Hickory Hills, IL 60457",17085981831.0,,[],1.0,,4.3,43.0,food manufacturer Illinois,,,,,,,,,,,,,Contacts; EmailExtractor; GoogleMaps
Heartland Food Corporation,Food products supplier,"16791 Torrence Ave, Lansing, IL 60438",17088952009.0,,[],1.0,,1.0,10.0,food manufacturer Cicero IL,,,,,,,,,,,,,Contacts; EmailExtractor; GoogleMaps
Heartland Harvest Inc,Food manufacturer,"2401 Eastgate Industrial Pkwy, Kankakee, IL 60901",18159322100.0,http://www.heartlandharvestinc.com/,,,heartlandharvestinc.com,4.2,42.0,food manufacturer Illinois,,,,,,,,,,,,,Contacts; GoogleMaps
Hebros Foods LLC,Manufacturer,"2662 American Ln, Elk Grove Village, IL 60007",18472385700.0,,[],1.0,,3.4,34.0,food manufacturer Elk Grove Village IL,,,,,,,,,,,,,Contacts; EmailExtractor; GoogleMaps
Hecky's Barbecue,Barbecue restaurant,"1902 Green Bay Rd, Evanston, IL 60201",18474921182.0,http://www.heckys.com/,,,heckys.com,4.4,44.0,food manufacturer Evanston IL,,,,,,,,,,,,,Contacts; GoogleMaps
Henry Broch & Co,Food processing company,"3600 Sunset Ave, Waukegan, IL 60087",18478166225.0,https://www.hbroch.com/,,,hbroch.com,3.1,31.0,food production facility Illinois,,,,,,,,,,,,,Contacts; GoogleMaps
Homestead Meats,Butcher shop,"1305 Chicago Ave, Evanston, IL 60201",18478688040.0,https://www.homesteadmeatsevanston.com/,,,homesteadmeatsevanston.com,4.6,46.0,food manufacturer Evanston IL,,,,,,,,,,,,,Contacts; GoogleMaps
Hormel Foods,Food processing company,"1205 Chavenelle Court, Dubuque, IA 52002",15635574500.0,http://www.hormelfoods.com/,,,hormelfoods.com,4.2,42.0,food production facility Illinois,,,,,,,,,,,,,Contacts; GoogleMaps
House of Spice is Now HOS Global Foods,Warehouse,"2121 Touhy Ave, Elk Grove Village, IL 60007",17185074600.0,https://www.hosindia.com/,,,hosindia.com,4.0,40.0,food manufacturer Elk Grove Village IL,,,,,,,,,,,,,Contacts; GoogleMaps
Hubble Processing,Meat processor,"1817 Chicago Ave, Savanna, IL 61074",15632120224.0,,[],1.0,,3.4,34.0,food processing plant Illinois,,,,,,,,,,,,,Contacts; EmailExtractor; GoogleMaps
Hyder Finer Foods Inc,Wholesale grocer,"655 W Grand Ave Unit 140, Elmhurst, IL 60126",16305012121.0,,[],1.0,,,,food distributor Illinois,,,,,,,,,,,,,Contacts; EmailExtractor
IFMA The Food Away from Home Association,Association / Organization,"180 N Stetson Ave #2250, Chicago, IL 60601",13125404400.0,https://www.foodaway.org/,[],1.0,foodaway.org,,,food manufacturer Cicero IL,,,,,,[],{},,0.0,41.8854342,-87.6227258,ChIJpWkGIKYsDogRW35EFC1Og2g,Contacts; EmailExtractor; FDN
IRCA Group Elk Grove Village,Manufacturer,"1301 Mark St, Elk Grove Village, IL 60007",18475952390.0,http://www.irca.eu/en,,,irca.eu,3.4,34.0,food production facility Illinois,,,,,,,,,,,,,Contacts; GoogleMaps
ITU Distribution,Warehouse store,"115 W Fay Ave, Addison, IL 60101",16305330058.0,https://www.google.com/url?q=https://www.itudistribution.com/&opi=79508299&sa=U&ved=2ahUKEwi_oN2BoKKXAxWbB7wBHQJEDqIQ61goDnoECAAQEw&usg=AOvVaw3BfGUeSLg9_E_UUQntFDTu,,,google.com,4.7,47.0,food distributor Illinois,,,,,,,,,,,,,Contacts; GoogleMaps
Ideal Bakery,Wholesale bakery,"1250 Pratt Blvd, Elk Grove Village, IL 60007",17736316897.0,http://www.idealbakery.net/,,,idealbakery.net,4.0,40.0,food manufacturer Elk Grove Village IL,,,,,,,,,,,,,Contacts; GoogleMaps
Illinois Caterpillar,Manufacturer,"3000 N 27th St, Decatur, IL 62526",12174754000.0,https://www.google.com/url?q=http://cat.com/&opi=79508299&sa=U&ved=2ahUKEwihhsS8nqKXAxXKIUQIHcVsKJYQ61goDnoECAAQEw&usg=AOvVaw2GcCp3AChHhxWpztTyGfra,,,google.com,3.1,31.0,food processing plant Illinois,,,,,,,,,,,,,Contacts; GoogleMaps
Illinois Sparkling Co.,Winery,"106 Mill St, North Utica, IL 61373",18156675211.0,http://iscbubbly.com/,,,iscbubbly.com,4.5,45.0,food & beverage manufacturer Illinois,,,,,,,,,,,,,Contacts; GoogleMaps
Imperial Foods,Distribution service,"1975 Hawthorne Ave, Melrose Park, IL 60160",18007298116.0,https://www.imperial-foods.com/,,,imperial-foods.com,3.8,38.0,food & beverage manufacturer Illinois,,,,,,,,,,,,,Contacts; GoogleMaps
In Grape Company.,Winery,"1740 Ridge Ave LL-15A, Evanston, IL 60201",17734199914.0,,[],1.0,,5.0,50.0,food manufacturer Evanston IL,,,,,,,,,,,,,Contacts; EmailExtractor; GoogleMaps
Industrial Opportunity Partners,Investment company,"Bank One Bldg, 1603 Orrington Ave #700, Evanston, IL 60201",18475563460.0,http://iopequity.com/,,,iopequity.com,,,food manufacturer Evanston IL,,,,,,,,,,,,,Contacts
Ingredion Inc.,Manufacturer,"6400 S Archer Rd, Bedford Park, IL 60501",17085632400.0,http://www.ingredion.com/,,,ingredion.com,2.5,25.0,food production facility Illinois,,,,,,,,,,,,,Contacts; GoogleMaps
Innovative Production USA,Food manufacturer,"701 W 6th St, Galesburg, IL 61401",13093437808.0,http://www.burcon.ca/,,,burcon.ca,4.1,41.0,food manufacturer Illinois,,,,,,,,,,,,,Contacts; GoogleMaps
Insomnia Cookies,Dessert shop,"1725 N Sherman Ave, Evanston, IL 60201",18472609668.0,https://insomniacookies.com/,,,insomniacookies.com,4.4,44.0,food manufacturer Evanston IL,,,,,,,,,,,,,Contacts; GoogleMaps
Inspired Indian,Indian restaurant,"914 Noyes St, Evanston, IL 60201",18334116527.0,http://www.inspiredindiancooking.com/,,,inspiredindiancooking.com,4.9,49.0,food manufacturer Evanston IL,,,,,,,,,,,,,Contacts; GoogleMaps
"Instantwhip-Chicago, Inc.",Food products supplier,"1535 N Cicero Ave, Chicago, IL 60651",17732355588.0,https://www.instantwhip.com/instantwhip-chicago,[],1.0,instantwhip.com,3.4,34.0,food manufacturer Cicero IL,,,,,,[],{},3.4,14.0,,,ChIJFXLcxtrMD4gRKAGAlh8F5vA,Contacts; EmailExtractor; FDN; GoogleMaps
International Golden Foods Inc,Food products supplier,"819 Industrial Dr, Bensenville, IL 60106",18003437423.0,http://www.goldenfood.com/,,,goldenfood.com,3.9,39.0,food manufacturer Illinois,,,,,,,,,,,,,Contacts; GoogleMaps
Italia Foods Inc,Food products supplier,"2365 Hammond Dr, Schaumburg, IL 60173",18473974479.0,https://www.italiafoods.com/,,,italiafoods.com,4.8,48.0,food manufacturer Illinois,,,,,,,,,,,,,Contacts; GoogleMaps
Italoil,Olive oil manufacturer,"2801 Old Higgins Rd, Elk Grove Village, IL 60007",12242242729.0,https://italoil.store/,,,italoil.store,5.0,50.0,food manufacturer Elk Grove Village IL,,,,,,,,,,,,,Contacts; GoogleMaps
JAM. Foods & Services,Food broker,"1719-B McDaniel Ave, Evanston, IL 60201",18472177230.0,https://www.awe-sauce.com/?utm_source=google&utm_medium=wix_google_business_profile&utm_campaign=8539084031786625337,,,awe-sauce.com,,,food manufacturer Evanston IL,,,,,,,,,,,,,Contacts
JBS Beardstown,Meat processor,"8295 Arenzville Rd, Beardstown, IL 62618",12173236201.0,https://www.google.com/url?q=http://jbssa.com/&opi=79508299&sa=U&ved=2ahUKEwix2aL1naKXAxWdEEQIHV4QHG8Q61goDnoECAAQEw&usg=AOvVaw3fgz4TF7mInHX4XuTLkaID,,,google.com,2.8,28.0,food processing plant Illinois,,,,,,,,,,,,,Contacts; GoogleMaps
JD Mills Health Food,Health food store,"635 Chicago Ave, Evanston, IL 60202",18474910940.0,,[],1.0,,3.9,39.0,food manufacturer Evanston IL,,,,,,,,,,,,,Contacts; EmailExtractor; GoogleMaps
"JECS Artisan Foods, LLC",Food manufacturer,"25611 S Daffodil Ln, Monee, IL 60449",17085393682.0,,[],1.0,,,,food manufacturer Illinois,,,,,,,,,,,,,Contacts; EmailExtractor
James Calvetti Meats Inc,Meat wholesaler,"4240 S Morgan St, Chicago, IL 60609",17739279242.0,https://www.google.com/url?q=http://jcmeats.com/&opi=79508299&sa=U&ved=2ahUKEwi5nMiwnqKXAxW6IkQIHf3VGqIQ61goDnoECAAQEw&usg=AOvVaw1CAddpzArYGj69x9GDJs_K,,,google.com,4.8,48.0,food processing plant Illinois,,,,,,[],{},4.8,20.0,,,ChIJvedhLSgsDogRroCD6L_OM4U,Contacts; FDN; GoogleMaps
Janaki Foods,Food manufacturer,"939 Lee St, Elk Grove Village, IL 60007",18474721527.0,http://janakifoods.com/,,,janakifoods.com,2.9,29.0,food manufacturer Elk Grove Village IL,,,,,,,,,,,,,Contacts; GoogleMaps
Jewel-Osco Bakery,Bakery,"1128 Chicago Ave, Evanston, IL 60202",18478697950.0,https://local.jewelosco.com/il/evanston/1128-chicago-ave/bakery.html,,,local.jewelosco.com,,,food manufacturer Evanston IL,,,,,,,,,,,,,Contacts
Jewel-Osco Food Distribution Center,Distribution service,"2200 N 17th Ave, Melrose Park, IL 60160",,https://www.google.com/url?q=https://www.jewelosco.com/dc/melrose-park.3441.html&opi=79508299&sa=U&ved=2ahUKEwjliKmRoKKXAxUeB7wBHQajMdUQ61goCnoECAAQDw&usg=AOvVaw1Y5s_J838gAis_61JrxXev,,,google.com,1.8,18.0,food distributor Illinois,,,,,,,,,,,,,Contacts; GoogleMaps
Joe’s A Foods Distributor Inc.,Food products supplier,"538 W Pershing Rd, Chicago, IL 60609",17734510900.0,,[],1.0,,5.0,50.0,food distributor Illinois,,,,,,[],{},5.0,1.0,,,ChIJB6HD-SIsDogR1fnBkQfPo2A,Contacts; EmailExtractor; FDN; GoogleMaps
John R. Morreale Inc,Meat packer,"7000-7098 66th Pl, Bedford Park, IL 60638",13124213664.0,http://www.jrmorreale.com/,,,jrmorreale.com,4.9,49.0,food processing plant Bedford Park IL,,,,,,,,,,,,,Contacts; GoogleMaps
Johnson's Processing Plant,Meat processor,"201 IL-40, Chadwick, IL 61014",18156845183.0,http://johnsonsprocessingplant.com/,,,johnsonsprocessingplant.com,4.8,48.0,food production facility Illinois,,,,,,,,,,,,,Contacts; GoogleMaps
KANSAKU,Japanese restaurant,"1514 Sherman Ave, Evanston, IL 60201",18478644386.0,https://kansakusushi.com/?utm_source=google,,,kansakusushi.com,4.5,45.0,food manufacturer Evanston IL,,,,,,,,,,,,,Contacts; GoogleMaps
Karlin Foods Corporation.,Manufacturer,"1845 Oak St #19, Northfield, IL 60093",18474418330.0,http://www.karlinfoods.com/,,,karlinfoods.com,5.0,50.0,food manufacturer Illinois,,,,,,,,,,,,,Contacts; GoogleMaps
KeHE Distributors-ROM,Food products supplier,"900 Schmidt Rd, Romeoville, IL 60446",18559381462.0,http://kehe.com/,,,kehe.com,2.7,27.0,food distributor Illinois,,,,,,,,,,,,,Contacts; GoogleMaps
Keg Grove Brewing Company,Brewery,"712 E Empire St Ste 2, Bloomington, IL 61701",13095852021.0,https://keggrovebrewing.com/,,,keggrovebrewing.com,4.8,48.0,food & beverage manufacturer Illinois,,,,,,,,,,,,,Contacts; GoogleMaps
Ken's Beverage Inc,Beverage distributor,"10015 Mandel St, Plainfield, IL 60585",16309041555.0,https://kensbeverage.com/,,,kensbeverage.com,3.4,34.0,food & beverage manufacturer Illinois,,,,,,,,,,,,,Contacts; GoogleMaps
Kent Precision Foods Group,Food manufacturer,"1000 Dalton Ln # A, Bolingbrook, IL 60490",16302260498.0,,[],1.0,,4.5,45.0,food manufacturer Illinois,,,,,,[],{},4.5,41.0,,,ChIJI5eZFylfDogRhU8ogBImO6I,Contacts; EmailExtractor; FDN; GoogleMaps
King Halal Foods,Wholesale grocer,"7715 W 99th St, Hickory Hills, IL 60457",17087610000.0,https://kingfoodcc.com/,,,kingfoodcc.com,4.8,48.0,food distributor Illinois,,,,,,,,,,,,,Contacts; GoogleMaps
King Street Pizza Company,Food manufacturer,"261 King St, Elk Grove Village, IL 60007",18472625116.0,http://kingstreetpizzacompany.com/,,,kingstreetpizzacompany.com,4.0,40.0,food manufacturer Elk Grove Village IL,,,,,,,,,,,,,Contacts; GoogleMaps
Koch Foods Inc,Food products supplier,"2129-2199 25th Ave, Franklin Park, IL 60131",18474550902.0,https://www.google.com/url?q=http://www.kochfoodsinc.com/&opi=79508299&sa=U&ved=2ahUKEwi2semWnqKXAxUdJEQIHeGzGtwQ61goDnoECAAQEw&usg=AOvVaw0GgdgCSN9AH45SvCGB291K,,,google.com,2.4,24.0,food processing plant Illinois,,,,,,[],{},2.6,10.0,,,ChIJq6qqqucsDogR48ERoQUM8Hw,Contacts; FDN; GoogleMaps
Koch Foods Inc,Food products supplier,"Chicago, IL 60607",13127330189.0,https://kochfoods.com/,[],1.0,kochfoods.com,2.6,26.0,food manufacturer Illinois,,,,,,[],{},2.6,10.0,,,ChIJq6qqqucsDogR48ERoQUM8Hw,Contacts; EmailExtractor; FDN; GoogleMaps
Kohl Wholesale,Wholesale grocer,"130 Jersey St #3831, Quincy, IL 62301",12172225000.0,http://www.kohlwholesale.com/,,,kohlwholesale.com,4.3,43.0,food distributor Illinois,,,,,,,,,,,,,Contacts; GoogleMaps
Kraft Heinz-Champaign,Food manufacturer,"1701 W Bradley Ave, Champaign, IL 61821",12173781900.0,http://www.kraftheinzcompany.com/,,,kraftheinzcompany.com,2.6,26.0,food processing plant Illinois,,,,,,,,,,,,,Contacts; GoogleMaps
Krak Distributing Inc,Food products supplier,"840 N Central Ave, Wood Dale, IL 60191",16307669947.0,https://www.google.com/url?q=https://www.krakdistributing.com/&opi=79508299&sa=U&ved=2ahUKEwix1dq3oKKXAxWVKEQIHZaJBbUQ61goDXoECAAQEA&usg=AOvVaw36igvy2wKKioazxJDHa7i9,,,google.com,,,food distributor Illinois,,,,,,,,,,,,,Contacts
Krinos Foods Chicago,Food products supplier,"4545 James Pl #1006, Melrose Park, IL 60160",17083446500.0,https://www.google.com/url?q=https://krinoschicago.com/&opi=79508299&sa=U&ved=2ahUKEwikxoSjoKKXAxWzI0QIHaGUMNgQ61goDnoECAAQEw&usg=AOvVaw0DsxWNeMChLiWWGVU-xqPX,,,google.com,3.9,39.0,food distributor Illinois,,,,,,[],{},3.9,8.0,,,ChIJyz5a9CW1D4gRsxkY83dP3kQ,Contacts; FDN; GoogleMaps
L&P Foods,Wholesaler,"7047 S State St, Chicago, IL 60637",17737834383.0,https://www.google.com/url?q=http://www.landpfoods.com/&opi=79508299&sa=U&ved=2ahUKEwj38vm5oKKXAxXalu4BHWlGHecQ61goDnoECAAQEw&usg=AOvVaw3q9w7DtkPR7n9KeQlNPfAS,,,google.com,4.3,43.0,food distributor Illinois,,,,,,[],{},4.3,363.0,,,ChIJmQPeHy4vDogRRNaNlIjlcMI,Contacts; FDN; GoogleMaps
LBP Manufacturing Inc.,Shipping service,"5438 Roosevelt Rd, Chicago, IL 60644",17086525600.0,https://sabert.com/,,,sabert.com,3.0,30.0,food manufacturer Cicero IL,,,,,,,,,,,,,Contacts; GoogleMaps
LDS Food Distributors Inc.,Food products supplier,"3612 W Roosevelt Rd, Chicago, IL 60624",17737227937.0,,[],1.0,,2.2,22.0,food distributor Illinois,,,,,,[],{},2.2,9.0,,,ChIJX60FaI0yDogRqVmBzhJ6pzk,Contacts; EmailExtractor; FDN; GoogleMaps
LEA FOODS INC,Wholesaler,"1111 Kirk St, Elk Grove Village, IL 60007",12242237948.0,http://leafoodsinc.com/,,,leafoodsinc.com,4.3,43.0,food manufacturer Illinois,,,,,,,,,,,,,Contacts; GoogleMaps
"La Hispamex Food Products, Inc.",Dairy supplier,"6955 S Harlem Ave, Bedford Park, IL 60638",17087801808.0,http://lahispamex.com/,[],1.0,lahispamex.com,4.2,42.0,food manufacturer Illinois,,,,,,[],{},4.2,28.0,41.7669487,-87.8014761,ChIJWYjhop4zDogRj9WDwjfXy2I,Contacts; EmailExtractor; FDN; GoogleMaps
La Preferida Inc,Food manufacturer,"3400 W 35th St, Chicago, IL 60632",17732547200.0,https://www.lapreferida.com/,williamr@lapreferida.com,1.0,lapreferida.com,4.2,42.0,food manufacturer Cicero IL,,,,,,[],{},4.2,125.0,,,ChIJR6YFZhAyDogRXufYT24N5T4,Contacts; EmailExtractor; FDN; GoogleMaps
La Principal,Mexican restaurant,"700 Main St, Evanston, IL 60202",12243072444.0,https://www.laprincipalevanston.com/?utm_source=google&utm_medium=gmb&utm_campaign=lp,,,laprincipalevanston.com,4.3,43.0,food manufacturer Evanston IL,,,,,,,,,,,,,Contacts; GoogleMaps
Lakeshore Beverage,Beer distributor,"4300 S Halsted St, Chicago, IL 60609",13123372337.0,https://www.handfamilycompanies.com/lakeshore-beverage,[],1.0,handfamilycompanies.com,3.8,38.0,food & beverage manufacturer Illinois,,,,,,[],{},3.8,173.0,,,ChIJrS2Nb50uDogRj_MVS9E9Lho,Contacts; EmailExtractor; FDN; GoogleMaps
"Lakeside Foods Sales, Inc.",Distribution service,"175 E Hawthorn Pkwy Ste 345, Vernon Hills, IL 60061",18008086745.0,https://www.google.com/url?q=http://lakesidefoodsales.com/&opi=79508299&sa=U&ved=2ahUKEwjLrN3pn6KXAxXtIkQIHV-aIZQQ61goDnoECAAQEw&usg=AOvVaw3qR7DWz9XCdPvOCFBVilDn,,,google.com,4.0,40.0,food distributor Illinois,,,,,,,,,,,,,Contacts; GoogleMaps
Lambdin Farms Processing,Butcher shop,"628 Souther Rd, Sullivan, IL 61951",12177284519.0,,[],1.0,,5.0,50.0,food processing plant Illinois,,,,,,,,,,,,,Contacts; EmailExtractor; GoogleMaps
Lamonica Beverages,Beer distributor,"4060 Rock Valley Pkwy, Loves Park, IL 61111",18152823535.0,https://lamonicabeverages.com/,,,lamonicabeverages.com,4.8,48.0,food & beverage manufacturer Illinois,,,,,,,,,,,,,Contacts; GoogleMaps
Land O'Frost Inc,Meat processor,"16850 Chicago Ave, Lansing, IL 60438",17084747100.0,https://www.google.com/url?q=http://www.landofrost.com/&opi=79508299&sa=U&ved=2ahUKEwjKpJK0nqKXAxWPKkQIHS9KEqgQ61goDnoECAAQEw&usg=AOvVaw0bvWJ-W9oeYEGyCZt0s4_F,,,google.com,3.8,38.0,food processing plant Illinois,,,,,,,,,,,,,Contacts; GoogleMaps
"Lawrence Foods, Inc.",Food processing company,"2200 Lunt Ave, Elk Grove Village, IL 60007",18474372400.0,http://www.lawrencefoods.com/,[],1.0,lawrencefoods.com,3.8,38.0,food manufacturer Illinois,,,,,,[],{},3.8,38.0,,,ChIJJ-Tw0TixD4gRgJuCwFx55Y0,Contacts; EmailExtractor; FDN; GoogleMaps
"Lawrence Foods, Inc. Logistics Center",Food processing company,"1200 Lunt Ave, Elk Grove Village, IL 60007",18474372400.0,http://www.lawrencefoods.com/,[],1.0,lawrencefoods.com,4.8,48.0,food processing plant Illinois,,,,,,,,,,,,,Contacts; EmailExtractor; GoogleMaps
Layerette,Cake shop,"528 Dodge Ave, Evanston, IL 60202",18152781227.0,,[],1.0,,,,food manufacturer Evanston IL,,,,,,,,,,,,,Contacts; EmailExtractor
Leaders Beverage,Food and beverage consultant,"4038 N Nashville Ave, Chicago, IL 60634",13124975602.0,https://leadersbeverage.com/,,,leadersbeverage.com,4.7,47.0,food & beverage manufacturer Illinois,,,,,,[],{},4.7,15.0,41.9540838,-87.7919966,ChIJpXiaNiHTD4gRixpzCQHYny8,Contacts; FDN; GoogleMaps
Leahy-IFP,Manufacturer,"2350 Ravine Way #200, Glenview, IL 60025",18479045250.0,http://leahy-ifp.com/,[],1.0,leahy-ifp.com,5.0,50.0,food & beverage manufacturer Illinois,,,,,,[],{},5.0,1.0,,,ChIJT1bVDv_GD4gR-4WDQGZ6U-I,Contacts; EmailExtractor; FDN; GoogleMaps
Legacy Foods Manufacturing,Food manufacturer,"1550 Greenleaf Ave, Elk Grove Village, IL 60007",18475959106.0,https://legacyfoodsmanufacturing.com/,[],1.0,legacyfoodsmanufacturing.com,3.5,35.0,food manufacturer Illinois,,,,,,[],{},3.5,17.0,,,ChIJBUJ3fsuxD4gRSMut64opAW0,Contacts; EmailExtractor; FDN; GoogleMaps
Legacy Foods Manufacturing,Food manufacturer,"2775 Katherine Way, Elk Grove Village, IL 60007",18475959106.0,http://www.legacyfoodsmanufacturing.com/,[],1.0,legacyfoodsmanufacturing.com,3.6,36.0,food manufacturer Illinois,,,,,,[],{},3.5,17.0,,,ChIJBUJ3fsuxD4gRSMut64opAW0,Contacts; EmailExtractor; FDN; GoogleMaps
Lio Food Distributors,Wholesaler,"3725 S Halsted St, Chicago, IL 60609",17739271100.0,,[],1.0,,3.5,35.0,food distributor Illinois,,,,,,[],{},3.5,17.0,,,ChIJIYev1zosDogR3-0H4_nMfxE,Contacts; EmailExtractor; FDN; GoogleMaps
Little Lady Foods Inc,Food products supplier,"2323 Pratt Blvd, Elk Grove Village, IL 60007",18474390032.0,,[],1.0,,3.6,36.0,food manufacturer Illinois,,,,,,,,,,,,,Contacts; EmailExtractor; GoogleMaps
Lowell International Foods,Importer,"9234 Belmont Ave, Franklin Park, IL 60131",18473491002.0,http://www.lowellfoods.com/,,,lowellfoods.com,3.2,32.0,food distributor Illinois,,,,,,,,,,,,,Contacts; GoogleMaps
"Ludwig Foods, Inc.",Food products supplier,"1270-1280 Mark St, Elk Grove Village, IL 60007",18478608646.0,https://www.google.com/url?q=http://www.ludwigfoods.com/&opi=79508299&sa=U&ved=2ahUKEwitqb3yn6KXAxVyDEQIHUzUJUgQ61goDnoECAAQEw&usg=AOvVaw1YCk_SfSCULWPIqyClMscZ,,,google.com,3.8,38.0,food distributor Illinois,,,,,,[],{},3.8,21.0,,,ChIJ_2X4CnmxD4gR-Wr1nhpwc-g,Contacts; FDN; GoogleMaps
M J Food Supply Wholesale,Food products supplier,"2244 S Archer Ave, Chicago, IL 60616",13126749598.0,,[],1.0,,3.8,38.0,food distributor Illinois,,,,,,[],{},3.8,4.0,,,ChIJGb6PwWAsDogRQ3uVT5NEMuA,Contacts; EmailExtractor; FDN; GoogleMaps
MBG Products,Food products supplier,"1043 Chicago Ave, Evanston, IL 60202",18478596951.0,,[],1.0,,5.0,50.0,food manufacturer Evanston IL,,,,,,,,,,,,,Contacts; EmailExtractor; GoogleMaps
MBI Foods,Food manufacturer,"950 Milwaukee Ave #205, Glenview, IL 60025",18477303919.0,http://mbifoods.com/,,,mbifoods.com,5.0,50.0,food manufacturer Illinois,,,,,,,,,,,,,Contacts; GoogleMaps
MIstica Foods LLC,Manufacturer,"1811 W Fullerton Ave, Addison, IL 60101",,https://misticafoods.com/,,,misticafoods.com,5.0,50.0,food manufacturer Illinois,,,,,,,,,,,,,Contacts; GoogleMaps
MJ Kellner Foodservice,Food products supplier,"5700 International Pkwy, Springfield, IL 62711",12174831770.0,https://www.google.com/url?q=https://www.mjkellner.com/%3FGMB&opi=79508299&sa=U&ved=2ahUKEwj51dPvn6KXAxWDIkQIHSYIAm0Q61goDnoECAAQEw&usg=AOvVaw3iEVo24ccKaKhUVjuIU5Fn,,,google.com,4.4,44.0,food distributor Illinois,,,,,,,,,,,,,Contacts; GoogleMaps
MNM Distributions,Wholesale food store,"2853 Old Higgins Rd, Elk Grove Village, IL 60007",17737504747.0,https://mnmdistributions.com/,,,mnmdistributions.com,,,food distributor Elk Grove Village IL,,,,,,,,,,,,,Contacts
Maharaja Premium Quality,Wholesale grocer,"1510 Jarvis Ave, Elk Grove Village, IL 60007",18728011705.0,http://www.maharajaproducts.com/,,,maharajaproducts.com,3.7,37.0,food distributor Elk Grove Village IL,,,,,,,,,,,,,Contacts; GoogleMaps
Mapre Inc,Food manufacturer,"600 Territorial Dr Ste. E, Bolingbrook, IL 60440",18158860859.0,http://www.maprefoods.com/,,,maprefoods.com,3.9,39.0,food manufacturer Cicero IL,,,,,,,,,,,,,Contacts; GoogleMaps
Mark Anthony Brands Inc,Food products supplier,"167 N Green St Ste 600A, Chicago, IL 60607",13127159210.0,,[],1.0,,4.6,46.0,food & beverage manufacturer Illinois,,,,,,[],{},4.6,5.0,,,ChIJGSMXYs8sDogRenELM4LWQQg,Contacts; EmailExtractor; FDN; GoogleMaps
Markpol Distributors Inc,Distribution service,"955 Lively Blvd, Wood Dale, IL 60191",18478015050.0,https://www.google.com/url?q=http://www.markpoldistributors.com/&opi=79508299&sa=U&ved=2ahUKEwiWrtegoKKXAxVuJ0QIHUNNG9IQ61goDnoECAAQEw&usg=AOvVaw0SHoov092DwRKWBzCnbL5w,,,google.com,4.1,41.0,food distributor Illinois,,,,,,,,,,,,,Contacts; GoogleMaps
Martin Brower Distribution Center,Distribution service,"8901 47th St, McCook, IL 60525",17086885300.0,https://martinbrower.com/,carriere@martinbrower.com,1.0,martinbrower.com,3.1,31.0,food processing plant Bedford Park IL,,,,,,[],{},3.1,225.0,,,ChIJ1ZNOFnN9XUARYd9PrutaU1A,Contacts; EmailExtractor; FDN; GoogleMaps
"Martin Produce, Inc.",Produce wholesaler,"16800 Canal St, South Holland, IL 60473",17088251519.0,https://www.google.com/url?q=http://martinproduce.net/&opi=79508299&sa=U&ved=2ahUKEwiw07qpoKKXAxW6JEQIHTNTGcsQ61goDnoECAAQEw&usg=AOvVaw2ki0sHbiTgFSYNd22wcI0N,,,google.com,4.3,43.0,food distributor Illinois,,,,,,,,,,,,,Contacts; GoogleMaps
Master Food Brokers Inc,Food broker,"325 Shore Dr, Burr Ridge, IL 60527",16308333988.0,https://www.google.com/url?q=http://www.masterfoodbrokers.com/&opi=79508299&sa=U&ved=2ahUKEwiTtZawoKKXAxWrB7wBHbGmOCcQ61goDnoECAAQEw&usg=AOvVaw2Ig-9WwLNnWaWeMNolCIKg,,,google.com,5.0,50.0,food distributor Illinois,,,,,,,,,,,,,Contacts; GoogleMaps
"Mazzone Pasta, LLC",Food manufacturer,"170 Covington Dr, Bloomingdale, IL 60108",18474510005.0,http://www.mazzonepasta.com/,[],1.0,mazzonepasta.com,4.7,47.0,food manufacturer Illinois,,,,,,[],{},4.7,13.0,41.9494986,-88.1253139,ChIJm5UsC9SrD4gRvP0IY2hgVOM,Contacts; EmailExtractor; FDN; GoogleMaps
McCormick Food Service,Warehouse,"1408 Triumph Dr, Urbana, IL 61802",12173842000.0,https://mccormickfoodservice.net/,,,mccormickfoodservice.net,5.0,50.0,food distributor Illinois,,,,,,,,,,,,,Contacts; GoogleMaps
Meat Master Processing Co,Meat wholesaler,"300 E Carpenter Ave, Stockton, IL 61085",18159479700.0,https://www.google.com/url?q=http://www.mmpc.us/&opi=79508299&sa=U&ved=2ahUKEwi9ktyXnqKXAxWzKEQIHXFpEvwQ61goDnoECAAQEw&usg=AOvVaw1nbvyIgeGBrvphM_MHL2SF,,,google.com,5.0,50.0,food processing plant Illinois,,,,,,,,,,,,,Contacts; GoogleMaps
Medieval Food Truck Fabrications,Fabrication engineer,"5105 W Ogden Ave Ste 2, Cicero, IL 60804",17086575955.0,https://medievalfoodtruck.com/,,,medievalfoodtruck.com,5.0,50.0,food manufacturer Cicero IL,,,,,,,,,,,,,Contacts; GoogleMaps
Medieval Restaurant Equipment & Manufacturing,Restaurant supply store,"5105 W Ogden Ave, Cicero, IL 60804",17084774385.0,https://medievalrestaurantequipmentcicero.com/,,,medievalrestaurantequipmentcicero.com,4.6,46.0,food manufacturer Cicero IL,,,,,,,,,,,,,Contacts; GoogleMaps
"Michael Foods, Inc",Food manufacturer,"17725 Volbrecht Rd, Lansing, IL 60438",17084188500.0,https://michaelfoods.com/,,,michaelfoods.com,2.9,29.0,food manufacturer Illinois,,,,,,,,,,,,,Contacts; GoogleMaps
Midland Distribution,Food products supplier,"16136 Clinton St, Harvey, IL 60426",17085661515.0,https://www.google.com/url?q=http://www.zdanbrand.com/&opi=79508299&sa=U&ved=2ahUKEwjZ7fCToKKXAxXbhu4BHdY1JhAQ61goDnoECAAQEw&usg=AOvVaw0Q7HCLanuA3gva7pRxzDe3,,,google.com,4.4,44.0,food distributor Illinois,,,,,,"[""midland@zdanbrand.com"", ""sales@zdanbrand.com""]","{""facebook"": ""http://www.facebook.com/zdanbrands"", ""twitter"": ""https://twitter.com/@midlanddistribu""}",4.4,7.0,41.5968808,-87.6298756,ChIJjUbYiBciDogRcRylmg6M04o,Contacts; FDN; GoogleMaps
Midwest Foods,Produce wholesaler,"3100 W 36th St, Chicago, IL 60632",17739278870.0,http://midwestfoods.com/,[],1.0,midwestfoods.com,3.5,35.0,food manufacturer Illinois,,,,,,[],{},3.5,130.0,,,ChIJX9RKsQgyDogRmww4o1O-0l4,Contacts; EmailExtractor; FDN; GoogleMaps
Midwest Foods Manufacturer,Food manufacturer,"11359 W, 11359 Franklin Ave, Franklin Park, IL 60131",18474554636.0,,[],1.0,,2.9,29.0,food manufacturer Illinois,,,,,,[],{},3.5,130.0,,,ChIJX9RKsQgyDogRmww4o1O-0l4,Contacts; EmailExtractor; FDN; GoogleMaps
Miracapơ Pizza Company,Restaurant,"2300 Pratt Blvd, Elk Grove Village, IL 60007",18478061440.0,https://miracapopizza.com/,,,miracapopizza.com,4.0,40.0,food manufacturer Elk Grove Village IL,,,,,,,,,,,,,Contacts; GoogleMaps
Moesle Meat Distribution Co,Meat wholesaler,"5115 S Millard Ave, Chicago, IL 60632",17738474900.0,http://www.moeslemeats.com/,[],1.0,moeslemeats.com,3.4,34.0,food processing plant Bedford Park IL,,,,,,[],{},3.4,87.0,,,ChIJCW9Q1wQuDogRdc-CC8ZFavs,Contacts; EmailExtractor; FDN; GoogleMaps
Mondelez Global LLC,FMCG manufacturer,"1555 Ogden Ave, Naperville, IL 60540",18555355648.0,https://www.mondelezinternational.com/,[],1.0,mondelezinternational.com,4.2,42.0,food production facility Illinois,,,,,,,,,,,,,Contacts; EmailExtractor; GoogleMaps
More Brewing Company,Restaurant,"126 S Villa Ave, Villa Park, IL 60181",16305011519.0,https://www.google.com/url?q=https://morebrewing.com/&opi=79508299&sa=U&ved=2ahUKEwiVqdHCnqKXAxUaD0QIHaCxF2wQ61goDnoECAAQGA&usg=AOvVaw2tOCPJrlEV9IaypgEWDetm,,,google.com,4.6,46.0,food & beverage manufacturer Illinois,,,,,,,,,,,,,Contacts; GoogleMaps
Morris Meat Packing Co Inc,Slaughterhouse,"1611 N Division St, Morris, IL 60450",18159429284.0,,[],1.0,,5.0,50.0,food processing plant Illinois,,,,,,,,,,,,,Contacts; EmailExtractor; GoogleMaps
Moweaqua Packing Plant,Meat processor,"601 N Main St, Moweaqua, IL 62550",12177684714.0,http://mowpackingplant.com/,,,mowpackingplant.com,4.9,49.0,food processing plant Illinois,,,,,,,,,,,,,Contacts; GoogleMaps
Mullins Food Products,Food products supplier,"2200 S 25th Ave, Broadview, IL 60155",17083443224.0,https://newlywedsfoods.com/products/sauces/,[],1.0,newlywedsfoods.com,3.9,39.0,food distributor Illinois,,,,,,,,,,,,,Contacts; EmailExtractor; GoogleMaps
Mustard's Last Stand,Hot dog stand,"1613 Central St #3, Evanston, IL 60201",18478642700.0,http://www.mustardslaststand.com/,,,mustardslaststand.com,4.3,43.0,food manufacturer Evanston IL,,,,,,,,,,,,,Contacts; GoogleMaps
My Food Service License,Educational consultant,Closes 11:30 PM,18775905964.0,https://www.myfoodservicelicense.com/,,,myfoodservicelicense.com,4.6,46.0,food manufacturer Evanston IL,,,,,,,,,,,,,Contacts; GoogleMaps
Nal's Kitchen,Food manufacturer,"1010 Bonaventure Dr, Elk Grove Village, IL 60007",16304085635.0,https://nalskitchen.com/,,,nalskitchen.com,5.0,50.0,food distributor Elk Grove Village IL,,,,,,,,,,,,,Contacts; GoogleMaps
Nation Pizza and Foods Schaumburg IL,Food manufacturing supply,"601 E Algonquin Rd, Schaumburg, IL 60173",18473973320.0,http://www.nationpizza.com/,,,nationpizza.com,2.5,25.0,food manufacturer Illinois,,,,,,,,,,,,,Contacts; GoogleMaps
National Foodworks Services,Food manufacturer,"575 N Brush College Rd, Decatur, IL 62521",12173308512.0,http://www.nationalfoodworks.com/,,,nationalfoodworks.com,3.4,34.0,food production facility Illinois,,,,,,,,,,,,,Contacts; GoogleMaps
Natural Distribution,Juice shop,"550 Clayton Ct, Wood Dale, IL 60191",16303501700.0,http://naturaldist.com/,,,naturaldist.com,5.0,50.0,food distributor Elk Grove Village IL,,,,,,,,,,,,,Contacts; GoogleMaps
"Natural Sourcing International, LLC",Food manufacturer,"747 N Church Rd Ste A1-A2, Elmhurst, IL 60126",18186398335.0,http://www.nsifood.com/,,,nsifood.com,5.0,50.0,food manufacturer Illinois,,,,,,,,,,,,,Contacts; GoogleMaps
Neiman Bros Co,Corporate campus,"3322 W Newport Ave, Chicago, IL 60618",17734633000.0,http://www.neimanbrothers.com/,[],1.0,neimanbrothers.com,4.8,48.0,food manufacturer Illinois,,,,,,[],{},4.8,4.0,,,ChIJX1WcspvND4gR2zB5xktNvrY,Contacts; EmailExtractor; FDN; GoogleMaps
Nestle USA,Food processing company,"216 N Morton Ave, Morton, IL 61550",13092632651.0,https://www.nestleusa.com/,,,nestleusa.com,3.6,36.0,food processing plant Illinois,,,,,,,,,,,,,Contacts; GoogleMaps
New Era Deer Processing,Butcher shop,"13593 3 Mile Rd, Thomson, IL 61285",18152977946.0,,[],1.0,,4.8,48.0,food processing plant Illinois,,,,,,,,,,,,,Contacts; EmailExtractor; GoogleMaps
New Royal Distributors (NRD),Wholesaler,"1544 W Wrightwood Ct, Addison, IL 60101",16306283030.0,https://www.google.com/url?q=http://nrdmidwest.com/&opi=79508299&sa=U&ved=2ahUKEwjLo5Dvn6KXAxWsH0QIHcMpB4oQ61goDnoECAAQEw&usg=AOvVaw0fWFyAvuitQxMUclN5aJG8,,,google.com,4.7,47.0,food distributor Illinois,,,,,,[],{},4.7,26.0,,,ChIJo7vX3EGtD4gRTOOcxyuY6Vg,Contacts; FDN; GoogleMaps
Newly Weds Foods,Food processing company,"4125 W Wrightwood Ave, Chicago, IL 60639",17734897000.0,http://www.newlywedsfoods.com/,[],1.0,newlywedsfoods.com,3.1,31.0,food manufacturer Illinois,,,,,,[],{},3.1,228.0,,,ChIJ5UVw1ATND4gRL5hOR6El-Js,Contacts; EmailExtractor; FDN; GoogleMaps
Newlyweds Foods LLC,Food manufacturer,"1106 S Bridge St, Yorkville, IL 60560",16305536366.0,http://www.newlywedsfoods.com/,[],1.0,newlywedsfoods.com,4.5,45.0,food manufacturer Illinois,,,,,,,,,,,,,Contacts; EmailExtractor; GoogleMaps
NexTerra Wine Company,Winery,"9016 Murphy Rd, Woodridge, IL 60517",,https://www.google.com/url?q=https://nexterrawine.com/&opi=79508299&sa=U&ved=2ahUKEwjjiLfJnqKXAxVcIUQIHTdfAsMQ61goCnoECAAQDw&usg=AOvVaw0eBNz0NHSbfGktc4k1A2rJ,,,google.com,4.4,44.0,food & beverage manufacturer Illinois,,,,,,,,,,,,,Contacts; GoogleMaps
Noga Foods Inc,Manufacturer,"9508 Winona Ave, Schiller Park, IL 60176",18476781010.0,http://globalfoodsintl.com/,,,globalfoodsintl.com,4.4,44.0,food manufacturer Illinois,,,,,,,,,,,,,Contacts; GoogleMaps
Norman Distribution Inc,Distribution service,"2200 S Mt Prospect Rd, Des Plaines, IL 60018",18472282887.0,https://normandistribution.com/,,,normandistribution.com,4.8,48.0,food distributor Illinois,,,,,,,,,,,,,Contacts; GoogleMaps
NorthStar Foods Retail Storefront,Wholesale food store,"2575 American Ln, Elk Grove Village, IL 60007",18477870210.0,http://www.northstarfoods.com/,,,northstarfoods.com,4.8,48.0,food manufacturer Elk Grove Village IL,,,,,,,,,,,,,Contacts; GoogleMaps
"Northern Lights Food Processing, LLC",Food processing company,"125 S Wacker Dr Suite 300, Chicago, IL 60606",13126256616.0,https://nutrativaglobal.com/,[],1.0,nutrativaglobal.com,5.0,50.0,food manufacturer Illinois,,,,,,[],{},5.0,4.0,,,ChIJs_7oQtwtDogRljTT2qJBppY,Contacts; EmailExtractor; FDN; GoogleMaps
Northstar Foods Inc,Meat wholesaler,"2600 Delta Ln, Elk Grove Village, IL 60007",18477870210.0,https://www.northstarfoods.com/,,,northstarfoods.com,4.7,47.0,food manufacturer Elk Grove Village IL,,,,,,,,,,,,,Contacts; GoogleMaps
Nuestra Cocina,Food manufacturer,"2420 Lunt Ave, Elk Grove Village, IL 60007",18472283600.0,http://nuestracocinabrands.com/,,,nuestracocinabrands.com,3.3,33.0,food manufacturer Elk Grove Village IL,,,,,,,,,,,,,Contacts; GoogleMaps
NutriPack Pet Food,Manufacturer,"2210 W 162nd St, Markham, IL 60428",17088930185.0,,[],1.0,,3.9,39.0,food manufacturer Cicero IL,,,,,,,,,,,,,Contacts; EmailExtractor; GoogleMaps
OLYMPUS Culinary Solutions,Restaurant supply store,"4758 S Cicero Ave, Chicago, IL 60638",17735853755.0,http://www.olympusculinary.com/,,,olympusculinary.com,4.1,41.0,food manufacturer Cicero IL,,,,,,,,,,,,,Contacts; GoogleMaps
OSI Foods Co LLC,Meat processor,"4545 S Racine Ave, Chicago, IL 60609",17739274800.0,,[],1.0,,3.8,38.0,food production facility Illinois,,,,,,,,,,,,,Contacts; EmailExtractor; GoogleMaps
OSI Group LLC,Food processing company,"4201 S Ashland Ave, Chicago, IL 60609",17736504000.0,http://www.osigroup.com/,info@osigroup.com,1.0,osigroup.com,3.2,32.0,food production facility Illinois,,,,,,[],{},3.2,200.0,,,ChIJ3TPUNtYtDogRVXZL3PF4WWQ,Contacts; EmailExtractor; FDN; GoogleMaps
OSI Industries LLC,Meat processor,"4545 S Racine Ave, Chicago, IL 60609",17738472000.0,https://www.google.com/url?q=https://www.osigroup.com/&opi=79508299&sa=U&ved=2ahUKEwiLgqybnqKXAxX5JkQIHVvaH38Q61goDnoECAAQEw&usg=AOvVaw3o7UG6xN3ppbePlH-vv9ME,,,google.com,3.4,34.0,food processing plant Illinois,,,,,,[],{},3.4,52.0,,,ChIJnbJe0oYuDogR4srSnzffrHs,Contacts; FDN; GoogleMaps
Oceanique,Seafood restaurant,"505 Main St, Evanston, IL 60202",18478643435.0,http://www.oceanique.com/,,,oceanique.com,4.6,46.0,food manufacturer Evanston IL,,,,,,,,,,,,,Contacts; GoogleMaps
"Old World Quality Foods, LLC",Food products supplier,"951 Fargo Ave, Elk Grove Village, IL 60007",18472583557.0,https://www.oldworldqualityfoods.com/,,,oldworldqualityfoods.com,4.4,44.0,food manufacturer Elk Grove Village IL,,,,,,,,,,,,,Contacts; GoogleMaps
Olds Products Co of Illinois,Shipping service,"10700 88th Ave, Pleasant Prairie, WI 53158",12629473500.0,http://www.oldsproducts.com/,,,oldsproducts.com,3.8,38.0,food production facility Illinois,,,,,,,,,,,,,Contacts; GoogleMaps
Olympia Foods,Food processing company,"9501 Nevada Ave, Franklin Park, IL 60131",18473499358.0,http://www.olympiagyros.com/,,,olympiagyros.com,4.2,42.0,food processing plant Bedford Park IL,,,,,,,,,,,,,Contacts; GoogleMaps
Ornua Foods North America,Food products supplier,"1007 Church St #700, Evanston, IL 60201",18474928036.0,https://www.ornua.com/our-locations/ornua-foods-north-america/,,,ornua.com,4.4,44.0,food manufacturer Evanston IL,,,,,,,,,,,,,Contacts; GoogleMaps
PRAG INTERNATIONAL,Wholesale grocer,"1125 Howard St, Elk Grove Village, IL 60007",18479795970.0,http://prag-international.com/,,,prag-international.com,3.2,32.0,food distributor Elk Grove Village IL,,,,,,,,,,,,,Contacts; GoogleMaps
Pace Dairy,Cheese manufacturer,"800 N Englewood Dr, Crawfordsville, IN 47933",17653645200.0,http://jobs.kroger.com/,,,jobs.kroger.com,4.4,44.0,food production facility Illinois,,,,,,,,,,,,,Contacts; GoogleMaps
Packaging Corporation of America,Manufacturer,"5445 W 73rd St, Bedford Park, IL 60638",17088211600.0,http://www.packagingcorp.com/,,,packagingcorp.com,4.3,43.0,food processing plant Bedford Park IL,,,,,,,,,,,,,Contacts; GoogleMaps
Pactiv Evergreen,Manufacturer,"7200 S Mason Ave, Bedford Park, IL 60638",,https://pactivevergreen.com/,,,pactivevergreen.com,3.6,36.0,food processing plant Bedford Park IL,,,,,,,,,,,,,Contacts; GoogleMaps
Pactiv Evergreen - Bedford Park 4,Manufacturer,"7400 S Massasoit Ave, Bedford Park, IL 60638",,https://pactivevergreen.com/store-locator,,,pactivevergreen.com,5.0,50.0,food processing plant Bedford Park IL,,,,,,,,,,,,,Contacts; GoogleMaps
Pactiv Evergreen mfg.,Food manufacturing supply,"315 S Kirk Rd, St. Charles, IL 60174",16302626335.0,,[],1.0,,3.6,36.0,food production facility Illinois,,,,,,,,,,,,,Contacts; EmailExtractor; GoogleMaps
"PaliMex Distributors, Inc.",Wholesale grocer,"1376 Industrial Dr, Itasca, IL 60143",16304465688.0,https://www.google.com/url?q=http://palimexdistributors.com/&opi=79508299&sa=U&ved=2ahUKEwjqo5mjoKKXAxVpIkQIHZQ1M-wQ61goDnoECAAQEw&usg=AOvVaw28ynZnWGGpetbldM_YAOd_,,,google.com,4.3,43.0,food distributor Illinois,,,,,,,,,,,,,Contacts; GoogleMaps
Pancho Food Products,Food products supplier,"18620 81st Ave, Tinley Park, IL 60487",17084293260.0,,[],1.0,,4.6,46.0,food manufacturer Illinois,,,,,,,,,,,,,Contacts; EmailExtractor; GoogleMaps
"Pastorelli Food Products, Inc.",Manufacturer,"901 W Lake St, Chicago, IL 60607",13124551006.0,https://www.pastorelli.com/,info@pastorelli.com,1.0,pastorelli.com,4.3,43.0,food manufacturer Illinois,,,,,,[],{},4.3,9.0,,,ChIJ5U3qhNosDogRfzwnRiySshE,Contacts; EmailExtractor; FDN; GoogleMaps
"Pastorelli Food Products, Inc.",Corporate office,"162 N Sangamon St, Chicago, IL 60607",13127633828.0,https://www.pastorelli.com/,info@pastorelli.com,1.0,pastorelli.com,4.8,48.0,food manufacturer Cicero IL,,,,,,[],{},4.3,9.0,,,ChIJ5U3qhNosDogRfzwnRiySshE,Contacts; EmailExtractor; FDN; GoogleMaps
Peer Foods Group Inc.,Food processing company,"1200 W 35th St, Chicago, IL 60609",17734752375.0,http://www.peerfoods.com/,[],1.0,peerfoods.com,2.6,26.0,food manufacturer Illinois,,,,,,[],{},2.6,8.0,,,ChIJtc-LdzMsDogR8yifXFSMnWg,Contacts; EmailExtractor; FDN; GoogleMaps
People's Resource Center Southeast - Food Distribution Center,Food bank,"104 Chestnut Ave, Westmont, IL 60559",16306825402.0,http://peoplesrc.org/,,,peoplesrc.org,4.6,46.0,food distributor Illinois,,,,,,,,,,,,,Contacts; GoogleMaps
Peoria Packing Butcher Shop,Butcher shop,"4521 W Roosevelt Rd, Chicago, IL 60624",13127381800.0,http://www.peoriapacking.com/,[],1.0,peoriapacking.com,4.6,46.0,food manufacturer Illinois,,,,,,[],{},4.6,2529.0,,,ChIJ4bP45CctDogRyKY_Av_GBew,Contacts; EmailExtractor; FDN; GoogleMaps
Pepsi Beverages Co,Beverage distributor,"1881 Bilter Rd, Aurora, IL 60502",16308981300.0,http://pepsico.com/,,,pepsico.com,4.0,40.0,food & beverage manufacturer Illinois,,,,,,[],{},3.1,138.0,,,ChIJh2BeZMwtDogRTHXv3p3FaiI,Contacts; FDN; GoogleMaps
Performance Foodservice - Chicago,Food products supplier,"5030 Baseline Rd, Montgomery, IL 60538",16308961991.0,https://performancefoodservice.com/Our-Locations/Chicago,,,performancefoodservice.com,3.3,33.0,food manufacturer Illinois,,,,,,,,,,,,,Contacts; GoogleMaps
Perla Foods USA Corp.,Manufacturer,"1456 Brewster Creek Blvd, Bartlett, IL 60103",12243632937.0,https://perlafoods.com/,,,perlafoods.com,5.0,50.0,food manufacturer Illinois,,,,,,,,,,,,,Contacts; GoogleMaps
Petersburg Poultry Processing,Meat processor,"1215 E Clary St, Petersburg, IL 62675",12178917410.0,https://www.google.com/url?q=http://www.pppoultry.com/&opi=79508299&sa=U&ved=2ahUKEwifyeP8naKXAxWDD0QIHQrVApQQ61goDnoECAAQEw&usg=AOvVaw3jh5m8_awdMSA3MFuWUgQ8,,,google.com,4.0,40.0,food processing plant Illinois,,,,,,,,,,,,,Contacts; GoogleMaps
Pioneer Wholesale Meat Company,Meat wholesaler,"2301 W Walnut St Unit B, Chicago, IL 60612",13122436180.0,http://www.pioneerwholesalemeat.com/,[],1.0,pioneerwholesalemeat.com,4.6,46.0,food manufacturer Illinois,,,,,,[],{},4.6,32.0,,,ChIJfzyS3NAsDogRjrkXkkGGbz0,Contacts; EmailExtractor; FDN; GoogleMaps
Pita Plus,Wholesale grocer,"2443 Delta Ln, Elk Grove Village, IL 60007",17737166826.0,,[],1.0,,5.0,50.0,food distributor Elk Grove Village IL,,,,,,,,,,,,,Contacts; EmailExtractor; GoogleMaps
Plant Chicago,Non-profit organization,"4459 S Marshfield Ave, Chicago, IL 60609",17738475523.0,https://plantchicago.org/,[],1.0,plantchicago.org,4.7,47.0,food production facility Illinois,,,,,,[],{},4.7,177.0,,,ChIJNVhMlQAvDogRLbkosPXOTeg,Contacts; EmailExtractor; FDN; GoogleMaps
Pocas International - Chicago,Food products supplier,"1225 Arthur Ave, Elk Grove Village, IL 60007",,http://www.pocas.com/,,,pocas.com,3.3,33.0,food manufacturer Elk Grove Village IL,,,,,,,,,,,,,Contacts; GoogleMaps
Poco Packing Co.,Food processing company,"440 Bonnie Ln, Elk Grove Village, IL 60007",19202298728.0,http://www.pocopackingco.com/,[],1.0,pocopackingco.com,5.0,50.0,food manufacturer Illinois,,,,,,[],{},5.0,7.0,,,ChIJYb-UkimxD4gRKjngDktqtLw,Contacts; EmailExtractor; FDN; GoogleMaps
Polish Folklore Import Co,Wholesaler,"1128 Tower Rd, Schaumburg, IL 60173",18472880708.0,http://www.polishfolklore.com/,,,polishfolklore.com,5.0,50.0,food distributor Elk Grove Village IL,,,,,,,,,,,,,Contacts; GoogleMaps
Pollyanna Brewing & Distilling Company - St Charles,Brewery,"106 S Riverside Ave, St. Charles, IL 60174",16305497372.0,http://www.pollyannabrewing.com/,,,pollyannabrewing.com,4.7,47.0,food & beverage manufacturer Illinois,,,,,,,,,,,,,Contacts; GoogleMaps
Pono Ono Poke,Hawaiian restaurant,"1630 Chicago Ave, Evanston, IL 60201",18478596390.0,http://ponoonopoke.com/,,,ponoonopoke.com,4.6,46.0,food manufacturer Evanston IL,,,,,,,,,,,,,Contacts; GoogleMaps
"Pork King Packing, Inc.",Meat packer,"8808 IL-23, Marengo, IL 60152",18155688024.0,https://www.google.com/url?q=http://www.porkkingpacking.com/&opi=79508299&sa=U&ved=2ahUKEwiNgNf8naKXAxXpmO4BHbPTIgYQ61goDnoECAAQEw&usg=AOvVaw3Z_tOUB2E3No3QHkaNoM0-,,,google.com,4.1,41.0,food processing plant Illinois,,,,,,,,,,,,,Contacts; GoogleMaps
Prairie Moon,American restaurant,"1635 Chicago Ave, Evanston, IL 60201",18478648328.0,https://prairiemoonrestaurant.com/,,,prairiemoonrestaurant.com,4.3,43.0,food manufacturer Evanston IL,,,,,,,,,,,,,Contacts; GoogleMaps
Prairieland Food Products Co,Food products supplier,"3750 W 131st St, Alsip, IL 60803",17739245700.0,,[],1.0,,3.6,36.0,food manufacturer Illinois,,,,,,[],{},3.6,8.0,,,ChIJCWGrqaE8DogRVFl18hB1nlY,Contacts; EmailExtractor; FDN; GoogleMaps
Premier Food Supplies LLC,Distribution service,"26W333 St Charles Rd, Carol Stream, IL 60188",16303526323.0,https://www.google.com/url?q=http://premierfoodsupplies.com/&opi=79508299&sa=U&ved=2ahUKEwie5eK9oKKXAxVnN0QIHceyMtoQ61goDnoECAAQEw&usg=AOvVaw3OAmvrRGBlkQU1MRBqztnA,,,google.com,4.5,45.0,food distributor Illinois,,,,,,,,,,,,,Contacts; GoogleMaps
Prime Food Service,Food products supplier,"2635 S Western Ave, Chicago, IL 60608",17738700834.0,https://www.google.com/url?q=http://primeproducechicago.com/&opi=79508299&sa=U&ved=2ahUKEwjd8L2BoKKXAxUyJEQIHdvqNBwQ61goDnoECAAQEw&usg=AOvVaw1OjFckMNGkHVleUZrL4J1Q,,,google.com,3.0,30.0,food distributor Illinois,,,,,,[],{},3.0,2.0,,,ChIJ00JWKJEtDogRkevZCNgZLxM,Contacts; FDN; GoogleMaps
Primo Brands Delivery,Bottled water supplier,"10335 Argonne Woods Dr #200, Woodridge, IL 60517",18448451716.0,https://www.google.com/url?q=https://www.water.com/%3Fy_source%3D1_MjA1NjA4OTE3Mi03MTUtbG9jYXRpb24ud2Vic2l0ZQ%253D%253D&opi=79508299&sa=U&ved=2ahUKEwjKhaHHnqKXAxWCIEQIHSQ5N-UQ61goDnoECAAQEw&usg=AOvVaw0_Cl17Mlk-JqPcB6YqDe1b,,,google.com,3.8,38.0,food & beverage manufacturer Illinois,,,,,,,,,,,,,Contacts; GoogleMaps
Primos Quality Foods,Food products supplier,"143 W 154th St, South Holland, IL 60473",12242519618.0,http://primosfoods.net/,hola@primosfoods.net,1.0,primosfoods.net,4.1,41.0,food manufacturer Illinois,,,,,,,,,,,,,Contacts; EmailExtractor; GoogleMaps
Profile Food Ingredients,Food products supplier,"1151 Timber Dr, Elgin, IL 60123",18476221700.0,https://www.profilefoodingredients.com/,,,profilefoodingredients.com,3.7,37.0,food manufacturer Illinois,,,,,,,,,,,,,Contacts; GoogleMaps
Provisur Technologies,Machining manufacturer,"9150 W 191st St, Mokena, IL 60448",17084793500.0,https://www.google.com/url?q=https://www.provisur.com/en/%3Futm_source%3Dgoogle%26utm_medium%3Dorganic%26utm_campaign%3Dprovisur_gmb%26utm_term%3Dprimary-website-link&opi=79508299&sa=U&ved=2ahUKEwiggeKonqKXAxVVIUQIHef9BhwQ61goDnoECAAQEw&usg=AOvVaw3PrfAHdHa4aVl1EGkq2PVj,,,google.com,4.8,48.0,food processing plant Illinois,,,,,,,,,,,,,Contacts; GoogleMaps
Pure's Food Specialties Inc,Food products supplier,"2929 S 25th Ave, Broadview, IL 60155",17083448884.0,http://www.puresfood.com/,,,puresfood.com,4.2,42.0,food processing plant Bedford Park IL,,,,,,,,,,,,,Contacts; GoogleMaps
Pure's Food Specialties Inc - Bedford Park,Manufacturer,"6855 W 65th St, Bedford Park, IL 60638",17083448884.0,http://puresfood.com/,,,puresfood.com,3.5,35.0,food production facility Illinois,,,,,,,,,,,,,Contacts; GoogleMaps
Quality Snack Foods Inc,Manufacturer,"3750 W 131st St, Alsip, IL 60803",17083777120.0,http://qualitysnackfoods.com/,[],1.0,qualitysnackfoods.com,3.6,36.0,food manufacturer Illinois,,,,,,[],{},3.6,78.0,,,ChIJzalVx6E8DogR1AHo8gqkmhQ,Contacts; EmailExtractor; FDN; GoogleMaps
"R. Whittingham & Sons Meats, Inc.",Butcher shop,"4134 W 127th St, Alsip, IL 60803",17083711650.0,http://www.whittinghammeats.com/,,,whittinghammeats.com,4.8,48.0,food manufacturer Cicero IL,,,,,,,,,,,,,Contacts; GoogleMaps
RAMARC Foods,Food processing company,"4513 S Halsted St, Chicago, IL 60609",17084031700.0,https://www.google.com/url?q=https://ramarcfoods.com/&opi=79508299&sa=U&ved=2ahUKEwjI16CjnqKXAxX4lu4BHQHqKlIQ61goDXoECAAQEA&usg=AOvVaw1MIr1GNdaZnInc61NDx_Kj,,,google.com,,,food processing plant Illinois,,,,,,[],{},5.0,0.0,,,ChIJ86fiUAAvDogR7hbpKFRmCb0,Contacts; FDN
REAL GOOD FOODS CO INC,Manufacturer,"525 W Crossroads Pkwy, Bolingbrook, IL 60440",18182994179.0,https://realgoodfoods.com/,,,realgoodfoods.com,2.1,21.0,food manufacturer Illinois,,,,,,,,,,,,,Contacts; GoogleMaps
RFD Chicago,Produce wholesaler,"3348 S Pulaski Rd Unit C, Chicago, IL 60623",13122432158.0,https://www.google.com/url?q=http://www.rfdchicago.com/&opi=79508299&sa=U&ved=2ahUKEwjQn6T8n6KXAxVtDkQIHWuRLP4Q61goDnoECAAQEw&usg=AOvVaw2VZbK8i31pa4RZS7GJqB-C,,,google.com,4.3,43.0,food distributor Illinois,,,,,,[],{},4.3,27.0,,,ChIJGb5Zp0UtDogR2ABXPMaeWI4,Contacts; FDN; GoogleMaps
RUDRA FOODS DISTRIBUTOR,Wholesale grocer,"1070 Bryn Mawr Ave, Bensenville, IL 60106",16308231066.0,https://www.google.com/url?q=http://rfdus.com/&opi=79508299&sa=U&ved=2ahUKEwi9nYS_oKKXAxVjJ0QIHc7jMGAQ61goDnoECAAQEw&usg=AOvVaw0iG3u-6PlbsNPzTJ1te2Gx,,,google.com,5.0,50.0,food distributor Illinois,,,,,,,,,,,,,Contacts; GoogleMaps
Rain Food and Beyond,Wholesale grocer,"1663 S Mt Prospect Rd, Des Plaines, IL 60018",18472585433.0,,[],1.0,,4.7,47.0,food distributor Elk Grove Village IL,,,,,,,,,,,,,Contacts; EmailExtractor; GoogleMaps
Raja Foods LLC,Wholesale food store,"3700 Rose St, Schiller Park, IL 60176",18476754455.0,https://www.rajafoods.com/,,,rajafoods.com,4.0,40.0,food distributor Elk Grove Village IL,,,,,,,,,,,,,Contacts; GoogleMaps
Rana Meal Solutions,Food manufacturer,"1400 16th St, Oak Brook, IL 60523",18883262721.0,https://www.giovanniranausa.com/,,,giovanniranausa.com,,,food manufacturer Cicero IL,,,,,,,,,,,,,Contacts
Randolph Packing Co.,Meat packer,"275 Roma Jean Pkwy, Streamwood, IL 60107",16308303100.0,https://www.google.com/url?q=http://www.randolphpacking.com/&opi=79508299&sa=U&ved=2ahUKEwiCzsuBnqKXAxUDle4BHboYCbMQ61goDnoECAAQEw&usg=AOvVaw2g5KpUVTYhRZ42cksvp8Q0,,,google.com,4.4,44.0,food processing plant Illinois,,,,,,,,,,,,,Contacts; GoogleMaps
Rantoul Foods,Meat processor,"205 Turner Dr, Rantoul, IL 61866",12178924178.0,http://www.rantoulfoods.com/,,,rantoulfoods.com,3.8,38.0,food processing plant Illinois,,,,,,,,,,,,,Contacts; GoogleMaps
Rebellious Beverage Company,Food manufacturer,"211 W Wacker Dr, Chicago, IL 60606",18887479905.0,https://drinkrebellious.com/,support@drinkrebellious.com,1.0,drinkrebellious.com,,,food & beverage manufacturer Illinois,,,,,,[],{},4.8,0.0,,,ChIJleu_YzQtDogRlF-uz3EIuN8,Contacts; EmailExtractor; FDN
Reyes Coca-Cola Distribution,Beverage distributor,"5321 W 122nd St, Alsip, IL 60803",17085976700.0,https://www.google.com/url?q=https://reyescocacola.com/&opi=79508299&sa=U&ved=2ahUKEwiVnOq3nqKXAxUhJUQIHUKSDSAQ61goDnoECAAQEw&usg=AOvVaw1iT4_gZtvlHAT60Vc6masL,,,google.com,2.9,29.0,food processing plant Illinois,,,,,,,,,,,,,Contacts; GoogleMaps
Reynolds Food Packaging Corporation,Plastic fabrication company,"304 S Main St, Grant Park, IL 60940",18154652115.0,http://www.alcoa.com/,,,alcoa.com,5.0,50.0,food manufacturer Illinois,,,,,,,,,,,,,Contacts; GoogleMaps
Ricks Food Distribution,Food products supplier,"7461 W 93rd St, Bridgeview, IL 60455",17082339455.0,,[],1.0,,5.0,50.0,food manufacturer Illinois,,,,,,[],{},5.0,7.0,,,ChIJoU_P1cc5DogR8nN4aQABu1A,Contacts; EmailExtractor; FDN; GoogleMaps
Rigali Packaging Products Inc,Packaging company,"2555 United Ln, Elk Grove Village, IL 60007",18476359830.0,https://rigalipackaging.com/,,,rigalipackaging.com,5.0,50.0,food manufacturer Elk Grove Village IL,,,,,,,,,,,,,Contacts; GoogleMaps
Rinella Co Inc,Beer distributor,"2001 Seminary Rd, Quincy, IL 62301",12172222348.0,http://www.rinellaco.com/,,,rinellaco.com,4.9,49.0,food & beverage manufacturer Illinois,,,,,,,,,,,,,Contacts; GoogleMaps
Riverlands Brewing Company,Brewery,"1860 Dean St Unit A, St. Charles, IL 60174",16305496293.0,http://www.riverlandsbrewing.com/,,,riverlandsbrewing.com,4.8,48.0,food & beverage manufacturer Illinois,,,,,,,,,,,,,Contacts; GoogleMaps
"Rochelle Foods, LLC",Manufacturer,"1001 S Main St, Rochelle, IL 61068",18155624141.0,http://www.rochellefoodsjobs.com/,,,rochellefoodsjobs.com,3.9,39.0,food manufacturer Illinois,,,,,,,,,,,,,Contacts; GoogleMaps
Rollicking Buckaroo Pepper Jam and Seasoning Blends,Food and beverage exporter,(415) 737-5265,14157375265.0,https://buckaroopepperjam.com/,,,buckaroopepperjam.com,5.0,50.0,food manufacturer Evanston IL,,,,,,,,,,,,,Contacts; GoogleMaps
Ron's Produce Wholesale Food Service,Produce wholesaler,"810 E Market St, Taylorville, IL 62568",12178242239.0,https://www.ronsproduce.com/,,,ronsproduce.com,4.4,44.0,food distributor Illinois,,,,,,,,,,,,,Contacts; GoogleMaps
Rose Packing Co Inc,Meat packer,"4900 S Major Ave, Chicago, IL 60638",17084589300.0,https://www.osigroup.com/rose-packing-logo-2/,info@osigroup.com,1.0,osigroup.com,3.3,33.0,food processing plant Bedford Park IL,,,,,,,,,,,,,Contacts; EmailExtractor; GoogleMaps
Royal Foods & Flavor,Food seasoning manufacturer,"2456 American Ln, Elk Grove Village, IL 60007",18475959166.0,,[],1.0,,,,food manufacturer Elk Grove Village IL,,,,,,,,,,,,,Contacts; EmailExtractor
Rustic 52 Company,Food manufacturer,Opens 9 AM,13129195821.0,,[],1.0,,5.0,50.0,food manufacturer Cicero IL,,,,,,,,,,,,,Contacts; EmailExtractor; GoogleMaps
Saint Errant Brewing,Brewery,"2000 Dempster St, Evanston, IL 60202",18474250190.0,http://www.sainterrantbrewing.com/,,,sainterrantbrewing.com,4.7,47.0,food manufacturer Evanston IL,,,,,,,,,,,,,Contacts; GoogleMaps
"Sanbuena Distributors, Inc.",Wholesale bakery,"8732 84th Ct, Hickory Hills, IL 60457",17082898043.0,https://www.sanbuena.net/,,,sanbuena.net,5.0,50.0,food distributor Illinois,,,,,,,,,,,,,Contacts; GoogleMaps
Sandridge Crafted Foods,Food manufacturer,"375 Erie Ave, Morton, IL 61550",13092661500.0,https://www.sandridge.com/,,,sandridge.com,4.3,43.0,food manufacturer Illinois,,,,,,,,,,,,,Contacts; GoogleMaps
Saratoga Food Specialties Inc,Food products supplier,"771 W Crossroads Pkwy Unit A, Bolingbrook, IL 60490",18004510407.0,http://www.saratogafs.com/,[],1.0,saratogafs.com,4.1,41.0,food manufacturer Illinois,,,,,,[],{},4.1,108.0,,,ChIJB3Scdq1eDogRM8h_r0SqoeQ,Contacts; EmailExtractor; FDN; GoogleMaps
Sarkis Cafe,Diner,"2632 Gross Point Rd, Evanston, IL 60201",18473289703.0,http://cafesarkis.com/,,,cafesarkis.com,4.5,45.0,food manufacturer Evanston IL,,,,,,,,,,,,,Contacts; GoogleMaps
Savor - the food agency,Marketing agency,Marketing agency Closed · Opens 9 AM · (847) 556-7511,18475567511.0,http://savoragency.com/,,,savoragency.com,,,food manufacturer Evanston IL,,,,,,,,,,,,,Contacts
Schamberger Brothers Inc,Beer distributor,"101 Hill St, Villa Park, IL 60181",16308326013.0,https://www.sbibeer.com/,,,sbibeer.com,4.4,44.0,food & beverage manufacturer Illinois,,,,,,,,,,,,,Contacts; GoogleMaps
Schold Manufacturing,Equipment supplier,"7201 W 64th Pl, Chicago, IL 60638",17084583788.0,https://schold.com/,[],1.0,schold.com,4.4,44.0,food processing plant Bedford Park IL,,,,,,[],{},4.4,5.0,41.7744734,-87.8011584,ChIJJVx-Bxw3DogR7-fgcH9uWWo,Contacts; EmailExtractor; FDN; GoogleMaps
Schultz Supply Co,Restaurant supply store,"3215 S 59th Ave, Cicero, IL 60804",17086522020.0,http://schultzsupply.com/,,,schultzsupply.com,3.3,33.0,food manufacturer Cicero IL,,,,,,,,,,,,,Contacts; GoogleMaps
See Jane Drink Wine - Wine Tastings,Wine club,(917) 232-5498,19172325498.0,http://www.seejanedrinkwine.com/,,,seejanedrinkwine.com,5.0,50.0,food manufacturer Cicero IL,,,,,,,,,,,,,Contacts; GoogleMaps
Select Cut Meat Processing,Meat processor,"1835 S Canal St #A, Chicago, IL 60616",13122248821.0,https://www.google.com/url?q=https://www.selectcutmeats.com/&opi=79508299&sa=U&ved=2ahUKEwiupOrAnqKXAxWSIUQIHYpdKjYQ61goDnoECAAQEw&usg=AOvVaw21l_g6cg4_WHMr21bXIEI9,,,google.com,5.0,50.0,food processing plant Illinois,,,,,,[],{},5.0,1.0,41.8565917,-87.638301,ChIJmxLNG7MtDogRY8blcES7wDA,Contacts; FDN; GoogleMaps
Seneca Foods Corporation,Manufacturer,"606 S Tremont Ave, Princeville, IL 61559",13093854301.0,https://www.google.com/url?q=http://www.senecafoods.com/&opi=79508299&sa=U&ved=2ahUKEwi0koCRnqKXAxXmHEQIHeCdPPgQ61goDnoECAAQEw&usg=AOvVaw378QMyDO4EruMjvAO3Pxk5,,,google.com,4.8,48.0,food processing plant Illinois,,,,,,,,,,,,,Contacts; GoogleMaps
Shan Distribution Network,FMCG goods wholesaler,"615 Kimberly Dr, Carol Stream, IL 60188",16304800616.0,http://www.shandistributionnetwork.com/,,,shandistributionnetwork.com,4.8,48.0,food distributor Illinois,,,,,,,,,,,,,Contacts; GoogleMaps
Sherwood Food Distributors,Food products supplier,"2202 166th St #101, Markham, IL 60428",17085014200.0,http://www.sherwoodfoods.com/,,,sherwoodfoods.com,3.3,33.0,food production facility Illinois,,,,,,,,,,,,,Contacts; GoogleMaps
Sigma Services Corporation,Packaging company,"2701 Deborah Ave, Zion, IL 60099",18473883040.0,http://sigmasvs.com/,,,sigmasvs.com,2.8,28.0,food production facility Illinois,,,,,,,,,,,,,Contacts; GoogleMaps
Silesia Flavors,Food manufacturer,"5250 Prairie Stone Pkwy, Hoffman Estates, IL 60192",18476450270.0,http://www.silesia-aroma.com/,,,silesia-aroma.com,4.5,45.0,food & beverage manufacturer Illinois,,,,,,,,,,,,,Contacts; GoogleMaps
"Silva International, Inc.",Fruit and vegetable processing,"523 N Ash St, Momence, IL 60954",18154723535.0,https://www.google.com/url?q=http://www.silva-intl.com/&opi=79508299&sa=U&ved=2ahUKEwii79nnn6KXAxUVJEQIHa9LCC4Q61goDnoECAAQEw&usg=AOvVaw3lXRVjErgzCa84pKF-Kxmr,,,google.com,4.2,42.0,food & beverage manufacturer Illinois,,,,,,,,,,,,,Contacts; GoogleMaps
Sketchbook Brewing Co - Evanston,Brewery,"821 Chicago Ave, Evanston, IL 60202",18475842337.0,http://www.sketchbookbrewing.com/,,,sketchbookbrewing.com,4.8,48.0,food manufacturer Evanston IL,,,,,,,,,,,,,Contacts; GoogleMaps
Smithfield Foods,Meat processor,"410 S Kirk Rd, St. Charles, IL 60174",16305845900.0,http://smithfieldfoods.com/,[],1.0,smithfieldfoods.com,3.4,34.0,food processing plant Illinois,,,,,,[],{},3.0,2.0,,,ChIJE-UTSagsDogRxd6oSRqprVw,Contacts; EmailExtractor; FDN; GoogleMaps
Soban Korea,Korean restaurant,"819 Noyes St, Evanston, IL 60201",18478694344.0,,[],1.0,,4.6,46.0,food manufacturer Evanston IL,,,,,,,,,,,,,Contacts; EmailExtractor; GoogleMaps
Socius Ingredients LLC,Food products supplier,"1033 University Pl, Evanston, IL 60201",18474400156.0,https://sociusingredients.com/,,,sociusingredients.com,,,food manufacturer Evanston IL,,,,,,,,,,,,,Contacts
Spectrum Preferred Meats,Meat processor,"6194 W Pines Rd, Mt Morris, IL 61054",18159463816.0,http://www.rudey.org/,,,rudey.org,4.2,42.0,food processing plant Illinois,,,,,,,,,,,,,Contacts; GoogleMaps
"Stampede Culinary Partners, Inc.",Food manufacturer,"7351 S 78th Ave, Bridgeview, IL 60455",18003530933.0,https://stampedeculinarypartners.com/,[],1.0,stampedeculinarypartners.com,3.2,32.0,food processing plant Bedford Park IL,,,,,,[],{},4.1,13.0,41.694386,-87.7591023,ChIJA7CkKMo7DogRWwSxcXSHMQc,Contacts; EmailExtractor; FDN; GoogleMaps
"Stampede Culinary Partners, Inc.",Food manufacturer,"10841 S Central Ave, Oak Lawn, IL 60453",18003530933.0,https://stampedeculinarypartners.com/,[],1.0,stampedeculinarypartners.com,4.1,41.0,food processing plant Bedford Park IL,,,,,,[],{},4.1,13.0,41.694386,-87.7591023,ChIJA7CkKMo7DogRWwSxcXSHMQc,Contacts; EmailExtractor; FDN; GoogleMaps
"Stampede Culinary Partners, Inc.",Food manufacturer,"W 65th St, Chicago, IL 60638",18003530933.0,https://stampedeculinarypartners.com/,[],1.0,stampedeculinarypartners.com,3.1,31.0,food processing plant Bedford Park IL,,,,,,[],{},4.1,13.0,41.694386,-87.7591023,ChIJA7CkKMo7DogRWwSxcXSHMQc,Contacts; EmailExtractor; FDN; GoogleMaps
Steinbach Provision Company,Meat processor,"4841 S California Ave, Chicago, IL 60632",17735381511.0,https://www.google.com/url?q=http://www.steinbachpro.com/&opi=79508299&sa=U&ved=2ahUKEwjYkteinqKXAxVaPUQIHYleMkMQ61goDnoECAAQEw&usg=AOvVaw0PJ2Z-g7ap6W8g17Gxs4fq,,,google.com,4.4,44.0,food processing plant Illinois,,,,,,[],{},4.4,16.0,,,ChIJN07rtJsuDogRtQWQfrTMUnw,Contacts; FDN; GoogleMaps
Stern Beverage - Budweiser,Beverage distributor,"961 Tech Dr, Milan, IL 61264",13097872337.0,http://www.sternbeverage.com/,,,sternbeverage.com,4.2,42.0,food & beverage manufacturer Illinois,,,,,,,,,,,,,Contacts; GoogleMaps
Stratas foods,Food products supplier,"3601 E Division St, Decatur, IL 62526",12174245660.0,https://www.google.com/url?q=http://www.stratasfoods.com/&opi=79508299&sa=U&ved=2ahUKEwje1MqanqKXAxWbL0QIHdUeDhgQ61goDnoECAAQEw&usg=AOvVaw0sp7BKZr6k44I2nHjXBaW9,,,google.com,2.2,22.0,food processing plant Illinois,,,,,,,,,,,,,Contacts; GoogleMaps
Subco Foods Inc,Food manufacturer,"1150 Commerce Dr #2680, West Chicago, IL 60185",16302310003.0,http://www.subcofoods.com/,[],1.0,subcofoods.com,4.0,40.0,food manufacturer Illinois,,,,,,[],{},4.0,20.0,,,ChIJTbFp1GD-DogRSN-jaOKmOhI,Contacts; EmailExtractor; FDN; GoogleMaps
Summit Beverage Services,Beverage distributor,"128 N Caryl Ave, Northlake, IL 60164",17085622337.0,http://www.summitbeverageservice.com/,,,summitbeverageservice.com,5.0,50.0,food & beverage manufacturer Illinois,,,,,,,,,,,,,Contacts; GoogleMaps
Sunny Sky Products,Beverage distributor,"7700 185th St, Tinley Park, IL 60477",17085321222.0,https://sunnyskyproducts.com/sunny-sky-products-acquires-beverage-manufacturer-amfotek/,,,sunnyskyproducts.com,3.9,39.0,food & beverage manufacturer Illinois,,,,,,,,,,,,,Contacts; GoogleMaps
Sunrise Foods Inc.,Food products supplier,"2411 United Ln, Elk Grove Village, IL 60007",16304223186.0,,[],1.0,,5.0,50.0,food manufacturer Elk Grove Village IL,,,,,,,,,,,,,Contacts; EmailExtractor; GoogleMaps
Superior Beverage Co,Beverage distributor,"1070 Orchard Rd, Montgomery, IL 60538",16308961951.0,https://www.superiorbeverage.com/,,,superiorbeverage.com,4.8,48.0,food & beverage manufacturer Illinois,,,,,,,,,,,,,Contacts; GoogleMaps
Supermercado Chapala,Supermarket,"5909 Cermak Rd, Cicero, IL 60804",17088633757.0,https://smchapala.com/,,,smchapala.com,4.2,42.0,food manufacturer Cicero IL,,,,,,,,,,,,,Contacts; GoogleMaps
Supreme Tamale Co.,Food manufacturer,"1495 Brummel Ave, Elk Grove Village, IL 60007",18479798480.0,https://www.supremetamale.com/,,,supremetamale.com,3.8,38.0,food manufacturer Elk Grove Village IL,,,,,,,,,,,,,Contacts; GoogleMaps
Suter Co Inc,Food products supplier,"258 May St, Sycamore, IL 60178",18158959186.0,http://suterco.com/,,,suterco.com,4.4,44.0,food manufacturer Illinois,,,,,,,,,,,,,Contacts; GoogleMaps
Swagger Foods Corporation,Food manufacturer,"900 Corporate Woods Pkwy, Vernon Hills, IL 60061",18479131200.0,http://www.swaggerfoods.com/,,,swaggerfoods.com,5.0,50.0,food production facility Illinois,,,,,,,,,,,,,Contacts; GoogleMaps
"Sweet Specialty Solutions, LLC",Sugar factory,"1005 101st St, Lemont, IL 60439",16309727150.0,https://www.google.com/url?q=https://www.sugars.com/%3Futm_source%3DGMB_listing%26utm_medium%3Dorganic%26utm_campaign%3Dsweet_specialty_solutions&opi=79508299&sa=U&ved=2ahUKEwiipp_6naKXAxVKJEQIHQvzCkcQ61goDnoECAAQEw&usg=AOvVaw23QqjXttk2PCBZQjaMgSRY,,,google.com,3.1,31.0,food processing plant Illinois,,,,,,,,,,,,,Contacts; GoogleMaps
Sweet Temptations Bake Shop,Bakery,"607 W Howard St, Evanston, IL 60202",18478596392.0,http://stbakeshop.com/,,,stbakeshop.com,4.6,46.0,food manufacturer Evanston IL,,,,,,,,,,,,,Contacts; GoogleMaps
Sysco Central Illinois - Food Distributor & Restaurant Supplies,Food products supplier,"1 Sysco Dr, Lincoln, IL 62656",12177356100.0,https://cloud.email.sysco.com/become-a-customer?utm_medium=googlemybusiness&utm_source=google.com&utm_campaign=gmb_opcopages&utm_content=central_illinois,[],1.0,cloud.email.sysco.com,4.0,40.0,food production facility Illinois,,,,,,,,,,,,,Contacts; EmailExtractor; GoogleMaps
Sysco Chicago - Food Distributor & Restaurant Supplies,Food products supplier,"250 Wieboldt Dr, Des Plaines, IL 60016",18476995400.0,https://cloud.email.sysco.com/become-a-customer?utm_medium=googlemybusiness&utm_source=google.com&utm_campaign=gmb_opcopages&utm_content=chicago,[],1.0,cloud.email.sysco.com,2.9,29.0,food manufacturer Illinois,,,,,,[],{},2.9,467.0,,,ChIJ16MHn2-3D4gRabuUE4lS5Kg,Contacts; EmailExtractor; FDN; GoogleMaps
TLC Ingredients,Food products supplier,"16901 Advantage Ave, Crest Hill, IL 60403",18157239900.0,https://www.google.com/url?q=http://www.tlcingredients.com/&opi=79508299&sa=U&ved=2ahUKEwiG67Pkn6KXAxVyDEQIHUzUJUgQ61goDnoECAAQEw&usg=AOvVaw3sJvs_qQQbyljFb4PK8CVx,,,google.com,4.4,44.0,food & beverage manufacturer Illinois,,,,,,,,,,,,,Contacts; GoogleMaps
TRI International INC,Confectionery wholesaler,"7401 S Cicero Ave, Chicago, IL 60629",17738383400.0,http://www.tootsie.com/,[],1.0,tootsie.com,3.5,35.0,food processing plant Illinois,,,,,,[],{},3.5,130.0,,,ChIJ4frCn_QwDogReffGNToJYok,Contacts; EmailExtractor; FDN; GoogleMaps
Table to Stix Ramen,Ramen restaurant,"1007 Davis St, Evanston, IL 60201",18478596847.0,http://tabletostix.com/,,,tabletostix.com,4.5,45.0,food manufacturer Evanston IL,,,,,,,,,,,,,Contacts; GoogleMaps
Talerico Bakery - Frozen Manufacturing Facility,Wholesale bakery,"7224 W 60th St, Summit, IL 60501",,http://www.talericobakery.com/,,,talericobakery.com,4.7,47.0,food production facility Illinois,,,,,,,,,,,,,Contacts; GoogleMaps
Tampico Beverages Inc,Beverage distributor,"3106 N Campbell Ave, Chicago, IL 60618",17732960190.0,http://www.tampico.com/,info@tampico.com,1.0,tampico.com,3.9,39.0,food & beverage manufacturer Illinois,,,,,,[],{},3.9,15.0,,,ChIJ0RTjCX3SD4gRkq30vQez6bg,Contacts; EmailExtractor; FDN; GoogleMaps
"Tardella Foods, Inc",Food products supplier,"1100 Lake St, Oak Park, IL 60301",17738898544.0,https://tardellafoods.com/,,,tardellafoods.com,3.7,37.0,food manufacturer Evanston IL,,,,,,,,,,,,,Contacts; GoogleMaps
Tastes of Bri | Healthy Meal Prep & Catering,Health food restaurant,"4941 W 14th St, Cicero, IL 60804",17084774391.0,https://www.tastesofbri.com/,,,tastesofbri.com,4.8,48.0,food manufacturer Cicero IL,,,,,,,,,,,,,Contacts; GoogleMaps
Tata's Pierogi Factory Outlet,Food producer,"3010 Willow St, Franklin Park, IL 60131",18472585758.0,http://www.tataspierogi.com/,,,tataspierogi.com,4.8,48.0,food processing plant Bedford Park IL,,,,,,,,,,,,,Contacts; GoogleMaps
Taylor Company,Corporate office,"750 N Blackhawk Blvd, Rockton, IL 61072",18156248333.0,https://www.google.com/url?q=https://www.taylor-company.com/%3Futm_source%3Dgoogle%26utm_medium%3Dlocal%26utm_campaign%3DGoogle%2BBusiness%2BProfile&opi=79508299&sa=U&ved=2ahUKEwj-1-XJnqKXAxXQIUQIHW99AnIQ61goDnoECAAQEw&usg=AOvVaw0wHjxXksq8QDSf4IDSLVjl,,,google.com,3.3,33.0,food & beverage manufacturer Illinois,,,,,,,,,,,,,Contacts; GoogleMaps
Taylor Farms,Food products supplier,"200 N Artesian Ave, Chicago, IL 60612",13124326800.0,http://www.taylorfarmsdeli.com/,[],1.0,taylorfarmsdeli.com,3.3,33.0,food production facility Illinois,,,,,,[],{},3.3,117.0,,,ChIJ741DxVotDogRpXk900gdJok,Contacts; EmailExtractor; FDN; GoogleMaps
Testa Produce,Produce wholesaler,"4555 S Racine Ave, Chicago, IL 60609",13122263237.0,http://www.testaproduce.com/,[],1.0,testaproduce.com,3.7,37.0,food production facility Illinois,,,,,,[],{},3.7,96.0,,,ChIJN4v4-P0sDogRXdPyZvQQ8F4,Contacts; EmailExtractor; FDN; GoogleMaps
Th Foods Inc.,Food products supplier,"2134 Harlem Rd, Loves Park, IL 61111",18156369500.0,https://www.google.com/url?q=http://www.thfoods.com/about-us/contact-us&opi=79508299&sa=U&ved=2ahUKEwj62JyGnqKXAxWTI0QIHa0ZKWwQ61goDnoECAAQEw&usg=AOvVaw0ezUlgMmn9wLZmVvytfj4I,,,google.com,2.5,25.0,food processing plant Illinois,,,,,,,,,,,,,Contacts; GoogleMaps
The Barn Steakhouse,Steak house,"1016 Church St Rear, Evanston, IL 60201",18478688041.0,http://www.thebarnsteakhouse.com/,,,thebarnsteakhouse.com,4.6,46.0,food manufacturer Evanston IL,,,,,,,,,,,,,Contacts; GoogleMaps
The Beverage Incubators,Laboratory,"935 National Pkwy Ste 60, Schaumburg, IL 60173",12242238462.0,https://beverageincubators.com/,,,beverageincubators.com,5.0,50.0,food & beverage manufacturer Illinois,,,,,,,,,,,,,Contacts; GoogleMaps
The Chefs’ Warehouse,Food products supplier,"2801 S Western Ave, Chicago, IL 60608",18883330318.0,http://www.chefswarehouse.com/,[],1.0,chefswarehouse.com,3.7,37.0,food distributor Illinois,,,,,,[],{},3.7,41.0,,,ChIJeWAhk5MtDogR50IhpT78grw,Contacts; EmailExtractor; FDN; GoogleMaps
The Food Movement Natural Products Company,Food manufacturer,"125 S Wilke Rd Ste 203B, Arlington Heights, IL 60005",18336936635.0,http://www.thefoodmovement.com/,,,thefoodmovement.com,4.0,40.0,food manufacturer Illinois,,,,,,,,,,,,,Contacts; GoogleMaps
The Fresh Factory,Food manufacturer,"485 Crossroads Pkwy, Bolingbrook, IL 60440",17082029715.0,https://thefreshfactory.co/,[],1.0,thefreshfactory.co,,,food manufacturer Illinois,,,,,,[],{},5.0,2.0,,,ChIJMTPiK98sDogRyvG0QTKkxK8,Contacts; EmailExtractor; FDN; GoogleMaps
The Fresh Factory,Food manufacturer,"1937 N Damen Ave, Chicago, IL 60647",,https://thefreshfactory.co/,[],1.0,thefreshfactory.co,5.0,50.0,food manufacturer Illinois,,,,,,[],{},5.0,2.0,,,ChIJMTPiK98sDogRyvG0QTKkxK8,Contacts; EmailExtractor; FDN; GoogleMaps
The Fresh Factory Manufacturing,Wholesaler,"238 Tubeway Dr, Carol Stream, IL 60188",17082029715.0,http://thefreshfactory.co/#contact,[],1.0,thefreshfactory.co,4.4,44.0,food manufacturer Illinois,,,,,,[],{},5.0,2.0,,,ChIJMTPiK98sDogRyvG0QTKkxK8,Contacts; EmailExtractor; FDN; GoogleMaps
The Hatchery Chicago,Business development service,"135 N Kedzie Ave, Chicago, IL 60612",13129997781.0,http://thehatcherychicago.org/,[],1.0,thehatcherychicago.org,4.8,48.0,food production facility Illinois,,,,,,[],{},4.8,115.0,,,ChIJA_TN5zctDogRISZVv5omX4Q,Contacts; EmailExtractor; FDN; GoogleMaps
The Plant,Food producer,"1400 W 46th St, Chicago, IL 60609",17732178312.0,https://www.insidetheplant.com/,[],1.0,insidetheplant.com,4.8,48.0,food production facility Illinois,,,,,,[],{},4.8,137.0,,,ChIJKYxjhbQvDogRJbBEgKMx2Xo,Contacts; EmailExtractor; FDN; GoogleMaps
The SALAMI FACTORY,Butcher shop,"US-6, Princeton, IL 61356",18158942936.0,,[],1.0,,5.0,50.0,food production facility Illinois,,,,,,,,,,,,,Contacts; EmailExtractor; GoogleMaps
The Spice House- Manufacturing location,Food manufacturer,"2401 E Devon Ave, Elk Grove Village, IL 60007",16305093100.0,http://www.thespicehouse.com/,,,thespicehouse.com,2.0,20.0,food manufacturer Elk Grove Village IL,,,,,,,,,,,,,Contacts; GoogleMaps
The Suter Company Inc,Manufacturer,"1015 Bethany Rd, Sycamore, IL 60178",18158959186.0,http://www.suterco.com/,,,suterco.com,4.5,45.0,food & beverage manufacturer Illinois,,,,,,,,,,,,,Contacts; GoogleMaps
Three Dads Natural Foods,Food products supplier,"1630 Darrow Ave, Evanston, IL 60201",17323014004.0,https://www.3dadspopcorn.com/,,,3dadspopcorn.com,,,food manufacturer Evanston IL,,,,,,,,,,,,,Contacts
Tiesta Tea Company,Tea manufacturer,"1842 Brummel Ave, Elk Grove Village, IL 60007",13122026800.0,http://www.tiestatea.com/,,,tiestatea.com,4.4,44.0,food manufacturer Elk Grove Village IL,,,,,,,,,,,,,Contacts; GoogleMaps
Tip 32 Sauces,Food manufacturer,Food manufacturer,18338473232.0,https://tip32sauces.com/,,,tip32sauces.com,4.9,49.0,food manufacturer Cicero IL,,,,,,,,,,,,,Contacts; GoogleMaps
Tomate Fresh Kitchen,Mexican restaurant,"914 Noyes St, Evanston, IL 60201",18475123460.0,https://www.tomatefreshkitchen.com/?utm_source=google&utm_medium=gmb&utm_campaign=tomate,,,tomatefreshkitchen.com,4.6,46.0,food manufacturer Evanston IL,,,,,,,,,,,,,Contacts; GoogleMaps
Tone Products Inc,Food manufacturer,"2150 N 15th Ave, Melrose Park, IL 60160",17086813660.0,https://www.google.com/url?q=http://www.toneproducts.com/&opi=79508299&sa=U&ved=2ahUKEwjCt6Tfn6KXAxXaKEQIHaCDHtsQ61goDnoECAAQEw&usg=AOvVaw0yfOFU1Z7VDF48ib-mNLaD,,,google.com,4.1,41.0,food & beverage manufacturer Illinois,,,,,,[],{},4.1,35.0,,,ChIJnfEjuqHKD4gRDRduxTLicb4,Contacts; FDN; GoogleMaps
Town & Country Distributors Ardmore,Beer distributor,"1050 Ardmore Ave, Itasca, IL 60143",16302500590.0,http://www.tcbeer.com/,,,tcbeer.com,4.2,42.0,food distributor Elk Grove Village IL,,,,,,,,,,,,,Contacts; GoogleMaps
TreeHouse Foods,Food manufacturer,"4401 W 44th Pl, Chicago, IL 60632",,https://www.treehousefoods.com/,externalsecurityreporting@treehousefoods.com,1.0,treehousefoods.com,2.8,28.0,food manufacturer Illinois,,,,,,[],{},2.8,76.0,,,ChIJYaJqioExDogRbsBLPwsvCmQ,Contacts; EmailExtractor; FDN; GoogleMaps
"TreeHouse Foods, Inc.",Food products supplier,"2021 Spring Rd #600, Oak Brook, IL 60523",17084831300.0,https://www.google.com/url?q=http://bremnerfoodgroup.com/&opi=79508299&sa=U&ved=2ahUKEwiZwqW9nqKXAxWbD0QIHddNPYkQ61goDnoECAAQEw&usg=AOvVaw3oKrRgKLskOD9siyFba9L4,,,google.com,4.0,40.0,food processing plant Illinois,,,,,,[],{},2.8,76.0,,,ChIJYaJqioExDogRbsBLPwsvCmQ,Contacts; FDN; GoogleMaps
Trim-Rite Food Corporation,Meat processor,"801 Commerce Pkwy, Carpentersville, IL 60110",18476493400.0,https://www.google.com/url?q=https://theporkpeople.com/&opi=79508299&sa=U&ved=2ahUKEwiEu-n9naKXAxVqLEQIHUQLOKYQ61goDnoECAAQEw&usg=AOvVaw01wtST6QiYclcjXrAJoBSW,,,google.com,4.4,44.0,food processing plant Illinois,,,,,,,,,,,,,Contacts; GoogleMaps
True World Foods,Seafood wholesaler,"950 Chase Ave #4828, Elk Grove Village, IL 60007",18477180088.0,http://www.trueworldfoods.com/,,,trueworldfoods.com,4.3,43.0,food distributor Elk Grove Village IL,,,,,,,,,,,,,Contacts; GoogleMaps
Tyson Fresh Meats,Food processing company,"25692 E 825 N Rd, Forrest, IL 61741",,https://www.google.com/url?q=http://www.tyson.com/&opi=79508299&sa=U&ved=2ahUKEwj4w5CNnqKXAxWUB7wBHcCEDOoQ61goCnoECAAQDw&usg=AOvVaw073X3xa_5FegBXZOOU8bm_,,,google.com,5.0,50.0,food processing plant Illinois,,,,,,,,,,,,,Contacts; GoogleMaps
US Foods,Food products supplier,"1 Quality Ln, Streator, IL 61364",18008920591.0,https://www.google.com/url?q=https://www.usfoods.com/locations/restaurant-supplier-in-streator--il.html%3Futm_medium%3Dorganic%26utm_source%3Dgoogle_business_profile%26utm_campaign%3Dstreator_il&opi=79508299&sa=U&ved=2ahUKEwiu0KOYoKKXAxUpK0QIHY35NLoQ61goDnoECAAQEw&usg=AOvVaw2LQGrhTnfhUyFNqF3WjTwS,,,google.com,3.4,34.0,food distributor Illinois,,,,,,[],"{""facebook"": ""https://www.facebook.com/usfoods"", ""instagram"": ""https://www.instagram.com/us_foods/"", ""linkedin"": ""https://www.linkedin.com/company/us-foods/"", ""youtube"": ""https://www.youtube.com/channel/ucozfkzmscmtiuvmar6pfy1w""}",1.7,3.0,41.8806511,-87.661263,ChIJuf72LyEtDogRZq368OCWU6g,Contacts; FDN; GoogleMaps
US Foods | Stock Yards,Meat wholesaler,"2600 Church Rd, Aurora, IL 60502",16309478400.0,https://www.google.com/url?q=https://www.usfoods.com/locations/steaks-and-chops-supplier-in-aurora--il.html%3Futm_medium%3Dorganic%26utm_source%3Dgoogle_business_profile%26utm_campaign%3Daurora_il&opi=79508299&sa=U&ved=2ahUKEwjHof-JoKKXAxUaD0QIHVODGOcQ61goDnoECAAQEw&usg=AOvVaw21N7PAYbOAUy9CYNOgb0VB,,,google.com,3.5,35.0,food distributor Illinois,,,,,,,,,,,,,Contacts; GoogleMaps
US Foods-Bensenville,Food products supplier,"800 Supreme Dr #200, Bensenville, IL 60106",16305951200.0,https://www.google.com/url?q=https://www.usfoods.com/locations/restaurant-supplier-in-chicago--il.html%3Futm_medium%3Dorganic%26utm_source%3Dgoogle_business_profile%26utm_campaign%3Dbensenville_il&opi=79508299&sa=U&ved=2ahUKEwj0udqtoKKXAxWxBbwBHdaiM5kQ61goDnoECAAQEw&usg=AOvVaw0UMAq2ei-yOojrp8-f_ZML,,,google.com,1.9,19.0,food distributor Illinois,,,,,,[],{},1.9,415.0,,,ChIJzUj9YOCzD4gRZvLZbKRO3D4,Contacts; FDN; GoogleMaps
US Hot Sauce Inc,Food manufacturer,"1315 E Main St, St. Charles, IL 60174",16307628880.0,http://ussauce.com/,,,ussauce.com,4.3,43.0,food manufacturer Cicero IL,,,,,,,,,,,,,Contacts; GoogleMaps
US Products,Food products supplier,"750 Morse Ave, Elk Grove Village, IL 60007",18477096288.0,,[],1.0,,,,food manufacturer Elk Grove Village IL,,,,,,,,,,,,,Contacts; EmailExtractor
Unified CML,Bakery,"5353 W 73rd St, Bedford Park, IL 60638",17089249927.0,,[],1.0,,3.2,32.0,food processing plant Bedford Park IL,,,,,,,,,,,,,Contacts; EmailExtractor; GoogleMaps
Unilever Best Foods Hellmann’s Office,Manufacturer,"2816 S Kilbourn Ave, Chicago, IL 60623",18722486600.0,https://www.google.com/url?q=http://www.unilever.com/&opi=79508299&sa=U&ved=2ahUKEwiQvseCnqKXAxWOJEQIHaa8GXQQ61goDnoECAAQEw&usg=AOvVaw2f0oOhdemDc4Q9vdwvL12n,,,google.com,2.9,29.0,food processing plant Illinois,,,,,,[],{},2.9,33.0,,,ChIJdeLAzkoyDogR9lRM9SY68mk,Contacts; FDN; GoogleMaps
United Espresso LLC,Coffee roastery,"1539 Jarvis Ave, Elk Grove Village, IL 60007",12247220967.0,http://www.united-espresso.com/,,,united-espresso.com,5.0,50.0,food distributor Elk Grove Village IL,,,,,,,,,,,,,Contacts; GoogleMaps
United Fast Food & Beverage,Coffee machine supplier,"7250 Santa Fe Dr Ste B, Hodgkins, IL 60525",18476160711.0,https://www.google.com/url?q=http://www.unitedfastfood.com/%3Futm_source%3Dgoogle%26utm_medium%3Dorganic%26utm_campaign%3Dgmb-listing%26y_source%3D1_MTAxNDIxODA0Ni03MTUtbG9jYXRpb24ud2Vic2l0ZQ%3D%3D&opi=79508299&sa=U&ved=2ahUKEwj0_ZrDnqKXAxXaIkQIHWC1M-oQ61goDnoECAAQEw&usg=AOvVaw1sLnwMIfpaJPkpycxdAEUU,,,google.com,3.7,37.0,food & beverage manufacturer Illinois,,,,,,,,,,,,,Contacts; GoogleMaps
United Food Group,Food products supplier,"1925 Holmes Rd #100, Elgin, IL 60123",18476221803.0,http://www.unitedfoodgroup.net/,,,unitedfoodgroup.net,4.6,46.0,food manufacturer Illinois,,,,,,,,,,,,,Contacts; GoogleMaps
"United Food Ingredients, Inc.",Manufacturer,"15W700 S Frontage Rd, Burr Ridge, IL 60527",16306559494.0,https://www.google.com/url?q=http://unitedfoodingredients.com/&opi=79508299&sa=U&ved=2ahUKEwivldPcn6KXAxV3EUQIHW9NDVgQ61goDnoECAAQEw&usg=AOvVaw0HGAc4y5-eSBB1BrGehoDb,,,google.com,2.8,28.0,food & beverage manufacturer Illinois,,,,,,,,,,,,,Contacts; GoogleMaps
United Trading Inc. Chicago/Dallas (Gazab),Food products supplier,"201 W Oakton St Unit A, Des Plaines, IL 60018",18475934812.0,http://www.utigazab.com/,,,utigazab.com,4.6,46.0,food distributor Elk Grove Village IL,,,,,,,,,,,,,Contacts; GoogleMaps
Urban Farmer,Food manufacturer,"1551 Boudreau Rd, Manteno, IL 60950",18154687200.0,https://urbanfarmer.net/,,,urbanfarmer.net,3.5,35.0,food manufacturer Illinois,,,,,,,,,,,,,Contacts; GoogleMaps
VARE,Food manufacturer,Food manufacturer,,https://varefoods.com/,,,varefoods.com,5.0,50.0,food manufacturer Cicero IL,,,,,,,,,,,,,Contacts; GoogleMaps
Van Drunen Farms,Food manufacturer,"2692, 17 IL-1 #17, Momence, IL 60954",18154723100.0,https://www.vandrunenfarms.com/,,,vandrunenfarms.com,4.0,40.0,food manufacturer Illinois,,,,,,,,,,,,,Contacts; GoogleMaps
Van Drunen Farms DD2 Facility,Food processing company,"330 Mechanic St, Momence, IL 60954",18155071164.0,https://www.vandrunenfarms.com/contact,,,vandrunenfarms.com,4.0,40.0,food production facility Illinois,,,,,,,,,,,,,Contacts; GoogleMaps
Vanee Foods - Berkeley,Food manufacturer,"5418 McDermott Dr, Berkeley, IL 60163",17084497300.0,http://www.vaneefoodscompany.com/,,,vaneefoodscompany.com,3.8,38.0,food manufacturer Illinois,,,,,,,,,,,,,Contacts; GoogleMaps
Vanee Foods - Broadview East,Food manufacturer,"2759 S 25th Ave, Broadview, IL 60155",17084497300.0,http://www.vaneefoodscompany.com/,,,vaneefoodscompany.com,4.0,40.0,food manufacturer Illinois,,,,,,,,,,,,,Contacts; GoogleMaps
Vegan Box,Food products supplier,Food products supplier (847) 644-4053,18476444053.0,,[],1.0,,,,food manufacturer Evanston IL,,,,,,,,,,,,,Contacts; EmailExtractor
"Vegetable Juices, Inc.",Manufacturer,"7400 S Narragansett Ave, Burbank, IL 60459",17089249500.0,,[],1.0,,4.0,40.0,food processing plant Bedford Park IL,,,,,,,,,,,,,Contacts; EmailExtractor; GoogleMaps
Ventura Foods,Food products supplier,"201 W Armory Dr, Thornton, IL 60476",17088775150.0,http://www.westmadisonfoods.com/,,,westmadisonfoods.com,3.8,38.0,food manufacturer Illinois,,,,,,,,,,,,,Contacts; GoogleMaps
Veolia Municipal Water,Fertilizer supplier,"6001 W Pershing Rd, Cicero, IL 60804",17086520575.0,,[],1.0,,4.8,48.0,food manufacturer Cicero IL,,,,,,,,,,,,,Contacts; EmailExtractor; GoogleMaps
Vienna Meat Distribution,Food manufacturing supply,"1000 W Pershing Rd, Chicago, IL 60609",17734352618.0,http://viennabeef.com/,[],1.0,viennabeef.com,3.5,35.0,food processing plant Bedford Park IL,,,,,,[],{},3.5,65.0,,,ChIJA7wJXC4sDogRotrUVxVCeQ4,Contacts; EmailExtractor; FDN; GoogleMaps
Viola Imports Inc,Food products supplier,"595 Bonnie Ln, Elk Grove Village, IL 60007",18476900790.0,http://www.violaimports.com/,,,violaimports.com,5.0,50.0,food manufacturer Elk Grove Village IL,,,,,,,,,,,,,Contacts; GoogleMaps
Vistar Il Division-Performance Food,Food products supplier,"115 Crossroads Pkwy, Bolingbrook, IL 60440",16307839300.0,http://www.vistar.com/Locations/Vistar-Illinois.aspx,,,vistar.com,2.9,29.0,food production facility Illinois,,,,,,,,,,,,,Contacts; GoogleMaps
Vita Food Products Inc,Food products supplier,"2222 W Lake St, Chicago, IL 60612",18009898482.0,http://www.vitafoodproducts.com/,info@vitafoodproducts.com,1.0,vitafoodproducts.com,2.9,29.0,food manufacturer Illinois,,,,,,[],{},2.9,28.0,,,ChIJlXBPx0UtDogRYJgr4qM3fGM,Contacts; EmailExtractor; FDN; GoogleMaps
Weaver Popcorn Main Facility,Food processing company,"408 W Landess St, Van Buren, IN 46991",17659342101.0,http://weaverpopcorn.com/,,,weaverpopcorn.com,2.9,29.0,food production facility Illinois,,,,,,,,,,,,,Contacts; GoogleMaps
Westside Health Authority - Food Distribution Center,Food bank,"5816 W Division St, Chicago, IL 60651",17737860226.0,,[],1.0,,4.2,42.0,food distributor Illinois,,,,,,[],{},4.2,13.0,41.902211,-87.7711416,ChIJ22RACazMD4gRZixIlw1kgD0,Contacts; EmailExtractor; FDN; GoogleMaps
Wetoska Packaging Distributors,Packaging supply store,"1099 Lunt Ave, Elk Grove Village, IL 60007",18474376100.0,https://wetoska.com/,,,wetoska.com,4.6,46.0,food distributor Elk Grove Village IL,,,,,,,,,,,,,Contacts; GoogleMaps
Whole Foods Distribution Center,Distribution service,"716 E 111th St, Chicago, IL 60628",13127663840.0,https://www.google.com/url?q=https://www.wholefoodsmarket.com/&opi=79508299&sa=U&ved=2ahUKEwjXxYqPoKKXAxXRIUQIHWrfCHAQ61goDnoECAAQEw&usg=AOvVaw1gto9k5B-IOAqLOQi4yo9z,,,google.com,3.1,31.0,food distributor Illinois,,,,,,[],{},3.1,323.0,,,ChIJp32Q8WAmDogRunnNQ0UnxMk,Contacts; FDN; GoogleMaps
Wholesome Products,Frozen food manufacturer,"16500 103rd St, Lemont, IL 60439",16302300332.0,http://wholesomeproducts.com/,,,wholesomeproducts.com,5.0,50.0,food manufacturer Illinois,,,,,,,,,,,,,Contacts; GoogleMaps
William Bolthouse Farms Inc,Food manufacturer,"7300 Santa Fe Dr, Hodgkins, IL 60525",17084911500.0,http://bolthouse.com/,,,bolthouse.com,3.3,33.0,food processing plant Bedford Park IL,,,,,,,,,,,,,Contacts; GoogleMaps
Windy Hill Food Group,Food broker,"Rosebud Farm Warehouse, 525 E 130th St, Chicago, IL 60628",16307821111.0,,[],1.0,,3.5,35.0,food production facility Illinois,,,,,,[],{},3.5,11.0,,,ChIJW2NzOcAnDogRhif2pIsmqY4,Contacts; EmailExtractor; FDN; GoogleMaps
Winland Foods,Food manufacturer,"2015 Spring Rd Ste 400, Oak Brook, IL 60523",16303207447.0,https://www.winlandfoods.com/,,,winlandfoods.com,3.4,34.0,food manufacturer Illinois,,,,,,,,,,,,,Contacts; GoogleMaps
World Food Processing dba Puris,Food manufacturer,"25000 Design Rd, Wilmington, IL 60481",,http://puris.com/,,,puris.com,4.8,48.0,food manufacturer Illinois,,,,,,,,,,,,,Contacts; GoogleMaps
World Market,Furniture store,"1725 Maple Ave, Evanston, IL 60201",18474241022.0,https://www.worldmarket.com/stores/store?id=CP147,,,worldmarket.com,4.5,45.0,food manufacturer Evanston IL,,,,,,,,,,,,,Contacts; GoogleMaps
YAFA FOOD DISTRIBUTORS,Distribution service,"16340 Kilbourn Ave, Oak Forest, IL 60452",13096006606.0,,[],1.0,,5.0,50.0,food distributor Illinois,,,,,,,,,,,,,Contacts; EmailExtractor; GoogleMaps
Yamasho Inc,Restaurant supply store,"750 Touhy Ave, Elk Grove Village, IL 60007",18479819342.0,http://www.yamashoinc.com/,,,yamashoinc.com,4.1,41.0,food manufacturer Elk Grove Village IL,,,,,,,,,,,,,Contacts; GoogleMaps
Zem Zem Halal Poultry Processing,Meat processor,"3309 W Rock Falls Rd, Rock Falls, IL 61071",18156323858.0,,[],1.0,,3.0,30.0,food processing plant Illinois,,,,,,,,,,,,,Contacts; EmailExtractor; GoogleMaps
Zier's Prime Meats & Poultry,Butcher shop,"813 Ridge Rd, Wilmette, IL 60091",18472514000.0,http://www.ziersprime.com/,,,ziersprime.com,4.8,48.0,food manufacturer Evanston IL,,,,,,,,,,,,,Contacts; GoogleMaps
performance food group,Food products supplier,"115 E Crossroads Pkwy, Bolingbrook, IL 60440",18007772551.0,http://pfgc.com/,,,pfgc.com,2.6,26.0,food manufacturer Illinois,,,,,,,,,,,,,Contacts; GoogleMaps
